min_confirmations,stop_loss_pct,risk_per_trade,avg_sharpe,avg_return,avg_dd,avg_winrate,stocks_tested
3,0.02,0.015,-0.1665510204081633,2.4151020408163264,16.80795918367347,41.67142857142857,49
3,0.025,0.015,-0.1959387755102041,1.5910204081632653,14.008163265306122,43.05102040816327,49
3,0.015,0.015,-0.22036734693877552,2.503265306122449,18.03,39.28367346938776,49
3,0.02,0.01,-0.24265306122448982,1.5881632653061224,11.496326530612246,41.67142857142857,49
2,0.015,0.015,-0.286,-0.9783673469387755,18.93591836734694,39.36734693877551,49
2,0.025,0.015,-0.2889387755102041,-0.7646938775510207,14.320408163265308,41.789795918367346,49
4,0.015,0.015,-0.29520408163265305,2.105102040816327,16.49142857142857,30.355102040816327,49
3,0.025,0.01,-0.314,1.11,9.487142857142857,43.05102040816327,49
2,0.02,0.015,-0.35373469387755097,-1.3520408163265305,17.59,40.76326530612245,49
2,0.025,0.01,-0.37810204081632653,-0.4138775510204082,9.651224489795919,41.789795918367346,49
2,0.015,0.01,-0.38553061224489793,-1.6581632653061222,15.474285714285715,39.27142857142857,49
3,0.015,0.01,-0.39708163265306123,2.066122448979592,14.286122448979592,39.436734693877554,49
2,0.02,0.01,-0.4543877551020408,-0.7683673469387756,11.997346938775511,40.76326530612245,49
3,0.02,0.005,-0.5035918367346939,0.8585714285714285,5.804897959183673,41.67142857142857,49
4,0.02,0.015,-0.5274285714285715,0.1757142857142857,16.109795918367347,33.385714285714286,49
4,0.015,0.01,-0.5836530612244898,0.7673469387755104,13.766734693877552,31.1265306122449,49
2,0.015,0.005,-0.6064897959183674,-0.7773469387755103,7.946122448979592,39.27142857142857,49
4,0.02,0.01,-0.6343673469387755,0.2671428571428571,11.02142857142857,33.385714285714286,49
4,0.025,0.015,-0.643734693877551,-0.3018367346938776,13.720612244897959,35.65714285714286,49
3,0.025,0.005,-0.6795918367346938,0.5840816326530611,4.697959183673469,43.05102040816327,49
3,0.015,0.005,-0.7066326530612245,1.1083673469387756,7.2495918367346945,39.436734693877554,49
4,0.025,0.01,-0.773,-0.09510204081632648,9.30938775510204,35.65714285714286,49
2,0.025,0.005,-0.8012448979591837,-0.1704081632653061,4.78795918367347,41.789795918367346,49
2,0.02,0.005,-0.8090612244897959,-0.2651020408163265,5.996734693877552,40.76326530612245,49
4,0.015,0.005,-0.8534897959183673,0.44122448979591844,7.068979591836735,31.1265306122449,49
4,0.02,0.005,-1.0321224489795917,0.11428571428571431,5.618367346938776,33.385714285714286,49
4,0.025,0.005,-1.2598979591836734,-0.06653061224489795,4.6748979591836735,35.65714285714286,49
