stock,total_return_pct,max_drawdown_pct,sharpe,calmar,max_dd_duration_days,rolling_win_rate_pct
APOLLOHOSP,38.38,7.15,2.659,5.368,65,60.0
EICHERMOT,27.95,5.71,1.856,4.895,50,50.0
GRASIM,28.8,8.36,1.608,3.445,63,60.0
NESTLEIND,19.79,7.5,1.571,2.639,107,60.0
NTPC,37.74,14.93,1.761,2.528,125,80.0
TATASTEEL,17.8,9.49,0.981,1.876,51,40.0
BAJFINANCE,12.66,7.93,1.07,1.596,40,50.0
MARUTI,17.61,11.3,1.098,1.558,75,50.0
CIPLA,14.65,9.53,0.828,1.537,141,40.0
HCLTECH,22.63,16.15,1.133,1.401,63,20.0
HINDALCO,22.34,18.48,1.204,1.209,275,90.0
ONGC,16.05,15.29,0.81,1.05,254,60.0
SBILIFE,14.2,13.86,0.988,1.025,194,80.0
BHARTIARTL,6.9,7.06,0.694,0.977,78,30.0
LT,12.31,13.07,0.793,0.942,76,20.0
SBIN,9.39,11.73,0.763,0.801,131,50.0
INFY,8.73,10.99,0.663,0.794,128,60.0
ULTRACEMCO,9.15,12.47,0.581,0.734,113,50.0
SHRIRAMFIN,6.54,11.46,0.426,0.571,118,50.0
TECHM,8.82,15.86,0.599,0.556,239,60.0
ETERNAL,10.41,19.67,0.536,0.529,64,40.0
TATACONSUM,4.5,10.11,0.439,0.445,89,30.0
HDFCBANK,5.81,13.79,0.458,0.421,207,50.0
ADANIENT,5.0,13.21,0.302,0.379,159,30.0
COALINDIA,6.84,18.2,0.485,0.376,198,30.0
ICICIBANK,3.44,9.8,0.49,0.351,58,30.0
BAJAJ-AUTO,5.04,14.83,0.434,0.34,231,50.0
BAJAJFINSV,4.57,14.24,0.425,0.321,159,20.0
BEL,6.22,21.31,0.35,0.292,193,50.0
JSWSTEEL,2.21,9.94,0.276,0.222,150,50.0
HINDUNILVR,-0.31,12.79,0.198,-0.024,101,20.0
HDFCLIFE,-0.72,9.37,0.112,-0.077,112,40.0
TITAN,-0.97,8.44,0.043,-0.115,135,40.0
INDUSINDBK,-5.8,26.21,-0.19,-0.221,292,60.0
KOTAKBANK,-2.78,12.36,-0.098,-0.225,116,40.0
SUNPHARMA,-3.29,12.55,-0.089,-0.262,249,30.0
ASIANPAINT,-4.38,15.33,-0.273,-0.286,104,30.0
M&M,-4.12,13.9,-0.215,-0.296,152,50.0
POWERGRID,-5.52,16.55,-0.188,-0.334,177,40.0
AXISBANK,-7.05,19.69,-0.324,-0.358,210,40.0
TCS,-7.15,14.56,-0.441,-0.491,177,40.0
JIOFIN,-19.79,35.24,-1.21,-0.562,206,40.0
ITC,-10.88,15.66,-0.599,-0.695,122,30.0
HEROMOTOCO,-11.55,15.85,-0.713,-0.729,155,30.0
ADANIPORTS,-14.4,18.89,-0.611,-0.762,146,20.0
TRENT,-21.17,27.25,-1.071,-0.777,82,20.0
RELIANCE,-22.22,26.49,-1.824,-0.839,222,10.0
DRREDDY,-17.33,19.03,-0.991,-0.911,193,40.0
WIPRO,-27.66,30.15,-1.65,-0.917,252,20.0
