run_id,strategy,stock,entry_date,exit_date,direction,entry_price,exit_price,quantity,holding_days,pnl,return_pct,exit_reason
RUN_20260805_200724,Checklist_v1.0,UNKNOWN,2020-01-30,2020-01-31,LONG,676.15,645.36,0,1,-867.7,-4.55,Signal/Stop
RUN_20260805_200724,Checklist_v1.0,UNKNOWN,2020-02-14,2020-02-25,LONG,675.35,647.53,0,11,-862.7,-4.12,Signal/Stop
RUN_20260805_200724,Checklist_v1.0,UNKNOWN,2020-03-04,2020-03-05,LONG,618.09,599.41,0,1,7.22,-3.02,Signal/Stop
RUN_20260805_200724,Checklist_v1.0,UNKNOWN,2020-03-16,2020-03-17,LONG,484.85,460.82,0,1,-589.79,-4.95,Signal/Stop
RUN_20260805_200724,Checklist_v1.0,UNKNOWN,2020-04-17,2020-04-28,LONG,555.91,652.9,0,11,9734.9,17.45,Signal/Stop
RUN_20260805_200724,Checklist_v1.0,UNKNOWN,2020-05-18,2020-05-20,LONG,678.4,661.65,0,2,-2187.51,-2.47,Signal/Stop
RUN_20260805_200724,Checklist_v1.0,UNKNOWN,2020-05-21,2020-06-18,LONG,662.25,764.2,0,28,6270.86,15.39,Signal/Stop
RUN_20260805_200724,Checklist_v1.0,UNKNOWN,2020-07-31,2020-08-03,LONG,975.84,927.15,0,3,-1662.51,-4.99,Signal/Stop
RUN_20260805_200724,Checklist_v1.0,UNKNOWN,2020-08-25,2020-08-26,LONG,971.92,986.36,0,1,-542.72,1.49,Signal/Stop
RUN_20260805_200724,Checklist_v1.0,UNKNOWN,2020-11-05,2020-11-12,LONG,902.21,913.77,0,7,733.35,1.28,Signal/Stop
RUN_20260805_200724,Checklist_v1.0,UNKNOWN,2020-12-18,2020-12-22,LONG,913.82,893.79,0,4,-846.81,-2.19,Signal/Stop
RUN_20260805_200724,Checklist_v1.0,UNKNOWN,2020-12-23,2021-01-08,LONG,890.69,892.4,0,16,-332.28,0.19,Signal/Stop
RUN_20260805_200724,Checklist_v1.0,UNKNOWN,2021-01-15,2021-01-18,LONG,904.82,915.59,0,3,-313.13,1.19,Signal/Stop
RUN_20260805_200724,Checklist_v1.0,UNKNOWN,2021-02-11,2021-03-01,LONG,913.77,969.93,0,18,3545.15,6.15,Signal/Stop
RUN_20260805_200724,Checklist_v1.0,UNKNOWN,2021-03-02,2021-03-18,LONG,979.3,927.2,0,16,-1291.6,-5.32,Signal/Stop
RUN_20260805_200724,Checklist_v1.0,UNKNOWN,2021-03-22,2021-03-23,LONG,955.77,963.38,0,1,-238.06,0.8,Signal/Stop
RUN_20260805_200724,Checklist_v1.0,UNKNOWN,2021-04-15,2021-05-10,LONG,888.99,888.94,0,25,357.53,-0.01,Signal/Stop
RUN_20260805_200724,Checklist_v1.0,UNKNOWN,2021-06-21,2021-06-25,LONG,1016.91,971.2,0,4,-1222.98,-4.5,Signal/Stop
RUN_20260805_200724,Checklist_v1.0,UNKNOWN,2021-07-23,2021-07-26,LONG,985.05,958.47,0,3,-671.37,-2.7,Signal/Stop
RUN_20260805_200724,Checklist_v1.0,UNKNOWN,2021-08-24,2021-09-07,LONG,999.17,1126.47,0,14,6602.82,12.74,Signal/Stop
RUN_20260805_200724,Checklist_v1.0,UNKNOWN,2021-11-02,2021-11-03,LONG,1174.52,1146.18,0,1,-880.8,-2.41,Signal/Stop
RUN_20260805_200724,Checklist_v1.0,UNKNOWN,2021-11-30,2021-12-01,LONG,1138.98,1138.52,0,1,-807.62,-0.04,Signal/Stop
RUN_20260805_200724,Checklist_v1.0,UNKNOWN,2022-01-04,2022-01-28,LONG,1114.94,1077.99,0,24,-1198.01,-3.31,Signal/Stop
RUN_20260805_200724,Checklist_v1.0,UNKNOWN,2022-03-17,2022-04-25,LONG,1122.71,1243.74,0,39,7145.17,10.78,Signal/Stop
RUN_20260805_200724,Checklist_v1.0,UNKNOWN,2022-05-25,2022-05-30,LONG,1216.05,1229.8,0,5,-452.28,1.13,Signal/Stop
RUN_20260805_200724,Checklist_v1.0,UNKNOWN,2022-06-20,2022-06-21,LONG,1202.21,1192.56,0,1,-1017.61,-0.8,Signal/Stop
RUN_20260805_200724,Checklist_v1.0,UNKNOWN,2022-07-22,2022-07-26,LONG,1153.75,1117.52,0,4,-1857.03,-3.14,Signal/Stop
RUN_20260805_200724,Checklist_v1.0,UNKNOWN,2022-09-13,2022-09-16,LONG,1208.21,1153.38,0,3,-1644.79,-4.54,Signal/Stop
RUN_20260805_200724,Checklist_v1.0,UNKNOWN,2022-10-03,2022-10-07,LONG,1103.68,1122.53,0,4,544.87,1.71,Signal/Stop
RUN_20260805_200724,Checklist_v1.0,UNKNOWN,2022-11-21,2022-12-19,LONG,1194.36,1199.58,0,28,-151.83,0.44,Signal/Stop
RUN_20260805_200724,Checklist_v1.0,UNKNOWN,2023-01-16,2023-01-17,LONG,1141.15,1143.97,0,1,-339.2,0.25,Signal/Stop
RUN_20260805_200724,Checklist_v1.0,UNKNOWN,2023-02-22,2023-02-24,LONG,1119.58,1100.08,0,2,-1244.9,-1.74,Signal/Stop
RUN_20260805_200724,Checklist_v1.0,UNKNOWN,2023-04-12,2023-04-13,LONG,1078.23,1087.06,0,1,399.57,0.82,Signal/Stop
RUN_20260805_200724,Checklist_v1.0,UNKNOWN,2023-04-28,2023-07-10,LONG,1099.29,1262.23,0,73,7223.35,14.82,Signal/Stop
RUN_20260805_200724,Checklist_v1.0,UNKNOWN,2023-07-27,2023-08-04,LONG,1267.03,1254.78,0,8,-828.38,-0.97,Signal/Stop
RUN_20260805_200724,Checklist_v1.0,UNKNOWN,2023-08-07,2023-08-28,LONG,1260.5,1221.88,0,21,-1151.5,-3.06,Signal/Stop
RUN_20260805_200724,Checklist_v1.0,UNKNOWN,2023-12-04,2023-12-06,LONG,1225.0,1230.55,0,2,-71.05,0.45,Signal/Stop
RUN_20260805_200724,Checklist_v1.0,UNKNOWN,2024-01-25,2024-03-14,LONG,1342.95,1431.47,0,49,4160.25,6.59,Signal/Stop
RUN_20260805_200724,Checklist_v1.0,UNKNOWN,2024-03-26,2024-03-27,LONG,1445.0,1492.85,0,1,123.0,3.31,Signal/Stop
RUN_20260805_200724,Checklist_v1.0,UNKNOWN,2024-04-12,2024-04-15,LONG,1475.88,1464.82,0,3,-609.88,-0.75,Signal/Stop
RUN_20260805_200724,Checklist_v1.0,UNKNOWN,2024-04-30,2024-05-06,LONG,1468.0,1419.53,0,6,-1332.5,-3.3,Signal/Stop
RUN_20260805_200724,Checklist_v1.0,UNKNOWN,2024-06-06,2024-07-23,LONG,1435.0,1487.9,0,47,2772.0,3.69,Signal/Stop
RUN_20260805_200724,Checklist_v1.0,UNKNOWN,2024-08-22,2024-09-06,LONG,1503.0,1464.82,0,15,-430.5,-2.54,Signal/Stop
RUN_20260805_200724,Checklist_v1.0,UNKNOWN,2024-09-20,2024-09-25,LONG,1474.0,1493.95,0,5,405.9,1.35,Signal/Stop
RUN_20260805_200724,Checklist_v1.0,UNKNOWN,2024-10-25,2024-11-05,LONG,1343.5,1305.3,0,11,-2272.5,-2.84,Signal/Stop
RUN_20260805_200724,Checklist_v1.0,UNKNOWN,2024-11-27,2024-12-05,LONG,1293.5,1322.05,0,8,959.1,2.21,Signal/Stop
RUN_20260805_200724,Checklist_v1.0,UNKNOWN,2024-12-06,2024-12-10,LONG,1323.9,1284.85,0,4,-1559.25,-2.95,Signal/Stop
RUN_20260805_200724,Checklist_v1.0,UNKNOWN,2024-12-16,2024-12-18,LONG,1275.0,1253.25,0,2,-1614.45,-1.71,Signal/Stop
RUN_20260805_200724,Checklist_v1.0,UNKNOWN,2025-02-03,2025-02-13,LONG,1251.0,1216.1,0,10,-1561.7,-2.79,Signal/Stop
RUN_20260805_200724,Checklist_v1.0,UNKNOWN,2025-03-28,2025-04-01,LONG,1280.0,1252.6,0,4,-693.0,-2.14,Signal/Stop
RUN_20260805_200724,Checklist_v1.0,UNKNOWN,2025-06-03,2025-06-04,LONG,1422.3,1423.5,0,1,-311.6,0.08,Signal/Stop
RUN_20260805_200724,Checklist_v1.0,UNKNOWN,2025-07-30,2025-08-08,LONG,1418.1,1367.8,0,9,-1324.0,-3.55,Signal/Stop
RUN_20260805_200724,Checklist_v1.0,UNKNOWN,2025-08-20,2025-09-01,LONG,1413.0,1353.9,0,12,-2280.0,-4.18,Signal/Stop
RUN_20260805_200724,Checklist_v1.0,UNKNOWN,2025-10-03,2025-10-09,LONG,1363.2,1377.8,0,6,432.0,1.07,Signal/Stop
RUN_20260805_200724,Checklist_v1.0,UNKNOWN,2025-11-26,2025-12-23,LONG,1542.3,1570.7,0,27,1389.6,1.84,Signal/Stop
RUN_20260805_200724,Checklist_v1.0,UNKNOWN,2026-02-05,2026-02-16,LONG,1457.0,1437.1,0,11,-1439.1,-1.37,Signal/Stop
RUN_20260805_200724,Checklist_v1.0,UNKNOWN,2026-02-27,2026-03-04,LONG,1398.0,1345.0,0,5,-2652.0,-3.79,Signal/Stop
RUN_20260805_200724,Checklist_v1.0,UNKNOWN,2026-03-17,2026-03-30,LONG,1399.0,1343.9,0,13,-2496.0,-3.94,Signal/Stop
RUN_20260805_200724,Checklist_v1.0,UNKNOWN,2026-04-09,2026-04-15,LONG,1346.0,1344.1,0,6,-351.0,-0.14,Signal/Stop
RUN_20260805_200724,Checklist_v1.0,UNKNOWN,2026-04-20,2026-04-24,LONG,1363.2,1327.8,0,4,-904.8,-2.6,Signal/Stop
RUN_20260805_200724,Checklist_v1.0,UNKNOWN,2026-04-28,2026-05-15,LONG,1358.0,1336.4,0,17,-45.6,-1.59,Signal/Stop
RUN_20260805_200724,Checklist_v1.0,UNKNOWN,2026-06-10,2026-06-11,LONG,1275.0,1263.0,0,1,-697.0,-0.94,Signal/Stop
RUN_20260805_200724,Checklist_v1.0,UNKNOWN,2026-06-18,2026-06-24,LONG,1330.0,1313.6,0,6,-947.7,-1.23,Signal/Stop
RUN_20260805_200724,Checklist_v1.0,UNKNOWN,2026-07-07,2026-07-09,LONG,1323.5,1279.8,0,2,-1809.6,-3.3,Signal/Stop
