symbol,min_confirmations,stop_loss_pct,risk_per_trade,total_return_pct,total_trades,win_rate_pct,max_drawdown_pct,sharpe_ratio
APOLLOHOSP,2,0.015,0.005,10.03,58,55.2,3.69,2.619
APOLLOHOSP,2,0.015,0.01,21.44,58,55.2,8.14,2.598
APOLLOHOSP,2,0.015,0.015,40.49,56,57.1,12.08,2.678
APOLLOHOSP,2,0.02,0.005,6.73,57,54.4,2.74,2.622
APOLLOHOSP,2,0.02,0.01,14.42,57,54.4,6.15,3.481
APOLLOHOSP,2,0.02,0.015,22.38,57,54.4,9.45,3.905
APOLLOHOSP,2,0.025,0.005,4.96,57,54.4,1.85,2.234
APOLLOHOSP,2,0.025,0.01,10.94,57,54.4,4.6,3.935
APOLLOHOSP,2,0.025,0.015,17.46,57,54.4,7.18,3.131
APOLLOHOSP,3,0.015,0.005,15.01,34,55.9,4.61,5.232
APOLLOHOSP,3,0.015,0.01,33.58,34,55.9,9.03,10.466
APOLLOHOSP,3,0.015,0.015,51.99,34,55.9,13.37,8.928
APOLLOHOSP,3,0.02,0.005,10.72,30,56.7,3.08,12.956
APOLLOHOSP,3,0.02,0.01,25.79,30,56.7,6.51,13.236
APOLLOHOSP,3,0.02,0.015,41.53,30,56.7,9.98,17.799
APOLLOHOSP,3,0.025,0.005,8.35,30,56.7,2.8,3.098
APOLLOHOSP,3,0.025,0.01,19.47,30,56.7,5.52,7.664
APOLLOHOSP,3,0.025,0.015,30.79,30,56.7,8.16,13.928
APOLLOHOSP,4,0.015,0.005,0.11,5,20.0,2.16,-0.788
APOLLOHOSP,4,0.015,0.01,-0.24,5,20.0,4.15,-0.467
APOLLOHOSP,4,0.015,0.015,-0.3,5,20.0,6.39,-0.302
APOLLOHOSP,4,0.02,0.005,-0.53,5,20.0,1.83,-1.319
APOLLOHOSP,4,0.02,0.01,-1.05,5,20.0,4.09,-0.615
APOLLOHOSP,4,0.02,0.015,-2.01,5,20.0,6.35,-0.497
APOLLOHOSP,4,0.025,0.005,-0.34,5,20.0,1.66,-1.16
APOLLOHOSP,4,0.025,0.01,-1.32,5,20.0,3.48,-0.849
APOLLOHOSP,4,0.025,0.015,-1.66,5,20.0,5.14,-0.574
SBILIFE,2,0.015,0.005,9.47,61,49.2,3.62,1.045
SBILIFE,2,0.015,0.01,20.12,61,49.2,7.24,1.312
SBILIFE,2,0.015,0.015,32.12,56,48.2,10.74,0.964
SBILIFE,2,0.02,0.005,6.52,60,50.0,2.91,0.619
SBILIFE,2,0.02,0.01,12.84,60,50.0,6.01,0.852
SBILIFE,2,0.02,0.015,19.76,60,50.0,8.94,0.917
SBILIFE,2,0.025,0.005,4.02,59,50.8,2.42,0.307
SBILIFE,2,0.025,0.01,7.87,59,50.8,5.05,0.713
SBILIFE,2,0.025,0.015,11.6,59,50.8,7.56,0.813
SBILIFE,3,0.015,0.005,17.85,33,45.5,3.8,0.988
SBILIFE,3,0.015,0.01,37.37,33,45.5,7.44,1.081
SBILIFE,3,0.015,0.015,64.61,29,51.7,10.3,1.238
SBILIFE,3,0.02,0.005,13.63,33,48.5,3.27,0.993
SBILIFE,3,0.02,0.01,28.64,33,48.5,6.73,1.117
SBILIFE,3,0.02,0.015,43.99,33,48.5,9.9,1.149
SBILIFE,3,0.025,0.005,10.3,32,50.0,2.63,0.917
SBILIFE,3,0.025,0.01,22.13,32,50.0,5.3,1.113
SBILIFE,3,0.025,0.015,34.1,32,50.0,7.98,1.143
SBILIFE,4,0.015,0.005,-2.94,5,0.0,11.78,-5.975
SBILIFE,4,0.015,0.01,-5.85,5,0.0,21.61,-4.491
SBILIFE,4,0.015,0.015,-8.75,5,0.0,29.98,-3.942
SBILIFE,4,0.02,0.005,1.19,5,20.0,7.72,-0.296
SBILIFE,4,0.02,0.01,2.52,5,20.0,14.91,-0.021
SBILIFE,4,0.02,0.015,3.49,5,20.0,21.21,0.054
SBILIFE,4,0.025,0.005,0.68,5,20.0,6.53,-0.429
SBILIFE,4,0.025,0.01,0.97,5,20.0,12.4,-0.178
SBILIFE,4,0.025,0.015,1.55,5,20.0,18.13,-0.066
INDUSINDBK,2,0.015,0.005,0.48,78,39.7,12.88,-0.365
INDUSINDBK,2,0.015,0.01,-0.77,78,39.7,24.46,-0.275
INDUSINDBK,2,0.015,0.015,19.56,58,41.4,26.15,0.497
INDUSINDBK,2,0.02,0.005,-1.53,77,40.3,10.4,-0.793
INDUSINDBK,2,0.02,0.01,-3.95,77,40.3,19.97,-0.626
INDUSINDBK,2,0.02,0.015,-7.33,77,40.3,28.74,-0.665
INDUSINDBK,2,0.025,0.005,-2.66,75,41.3,9.03,-0.906
INDUSINDBK,2,0.025,0.01,-6.08,75,41.3,17.49,-0.761
INDUSINDBK,2,0.025,0.015,-10.03,75,41.3,25.48,-0.748
INDUSINDBK,3,0.015,0.005,20.26,30,36.7,7.05,1.15
INDUSINDBK,3,0.015,0.01,42.75,30,36.7,13.69,1.222
INDUSINDBK,3,0.015,0.015,66.63,23,34.8,16.25,1.437
INDUSINDBK,3,0.02,0.005,13.64,29,37.9,5.32,0.996
INDUSINDBK,3,0.02,0.01,28.51,29,37.9,10.44,1.148
INDUSINDBK,3,0.02,0.015,43.77,29,37.9,15.3,1.173
INDUSINDBK,3,0.025,0.005,11.11,27,40.7,4.15,0.923
INDUSINDBK,3,0.025,0.01,23.08,27,40.7,8.24,1.127
INDUSINDBK,3,0.025,0.015,35.65,27,40.7,12.09,1.178
INDUSINDBK,4,0.015,0.005,-4.77,6,0.0,5.62,-1.75
INDUSINDBK,4,0.015,0.01,-9.5,6,0.0,11.15,-1.414
INDUSINDBK,4,0.015,0.015,-7.71,3,0.0,10.1,-0.982
INDUSINDBK,4,0.02,0.005,-3.57,6,0.0,4.23,-1.979
INDUSINDBK,4,0.02,0.01,-7.06,6,0.0,8.33,-1.54
INDUSINDBK,4,0.02,0.015,-10.54,6,0.0,12.39,-1.386
INDUSINDBK,4,0.025,0.005,-3.09,6,0.0,3.63,-2.033
INDUSINDBK,4,0.025,0.01,-6.16,6,0.0,7.2,-1.548
INDUSINDBK,4,0.025,0.015,-9.15,6,0.0,10.65,-1.38
BHARTIARTL,2,0.015,0.005,4.67,52,44.2,5.11,0.141
BHARTIARTL,2,0.015,0.01,9.15,52,44.2,10.28,0.254
BHARTIARTL,2,0.015,0.015,19.86,42,47.6,10.88,0.56
BHARTIARTL,2,0.02,0.005,3.11,52,44.2,4.36,0.025
BHARTIARTL,2,0.02,0.01,6.08,52,44.2,8.63,0.171
BHARTIARTL,2,0.02,0.015,9.17,52,44.2,12.69,0.229
BHARTIARTL,2,0.025,0.005,3.31,51,45.1,2.8,0.047
BHARTIARTL,2,0.025,0.01,6.64,51,45.1,5.6,0.24
BHARTIARTL,2,0.025,0.015,9.69,51,45.1,8.41,0.296
BHARTIARTL,3,0.015,0.005,10.47,25,48.0,5.86,0.787
BHARTIARTL,3,0.015,0.01,21.17,25,48.0,11.67,0.92
BHARTIARTL,3,0.015,0.015,38.38,20,50.0,12.47,0.985
BHARTIARTL,3,0.02,0.005,7.65,24,50.0,4.39,0.639
BHARTIARTL,3,0.02,0.01,15.87,24,50.0,8.8,0.856
BHARTIARTL,3,0.02,0.015,23.96,24,50.0,12.99,0.89
BHARTIARTL,3,0.025,0.005,6.24,24,50.0,3.49,0.558
BHARTIARTL,3,0.025,0.01,12.69,24,50.0,7.08,0.821
BHARTIARTL,3,0.025,0.015,19.42,24,50.0,10.52,0.896
BHARTIARTL,4,0.015,0.005,0.32,10,10.0,7.94,-0.359
BHARTIARTL,4,0.015,0.01,0.24,10,10.0,15.01,-0.17
BHARTIARTL,4,0.015,0.015,-9.2,6,0.0,10.51,-9.611
BHARTIARTL,4,0.02,0.005,5.21,9,11.1,7.01,0.172
BHARTIARTL,4,0.02,0.01,10.12,9,11.1,13.24,0.281
BHARTIARTL,4,0.02,0.015,14.34,9,11.1,18.74,0.313
BHARTIARTL,4,0.025,0.005,0.42,9,11.1,5.4,-0.565
BHARTIARTL,4,0.025,0.01,0.73,9,11.1,10.7,-0.231
BHARTIARTL,4,0.025,0.015,0.95,9,11.1,15.57,-0.124
ETERNAL,2,0.015,0.005,-0.96,56,39.3,8.64,-0.739
ETERNAL,2,0.015,0.01,-3.09,56,39.3,16.63,-0.597
ETERNAL,2,0.015,0.015,-0.51,27,44.4,15.03,-0.279
ETERNAL,2,0.02,0.005,-1.12,55,40.0,6.6,-0.911
ETERNAL,2,0.02,0.01,-2.89,55,40.0,12.81,-0.673
ETERNAL,2,0.02,0.015,-5.24,55,40.0,18.65,-0.657
ETERNAL,2,0.025,0.005,-1.84,54,42.6,6.25,-0.961
ETERNAL,2,0.025,0.01,-4.0,54,42.6,12.18,-0.708
ETERNAL,2,0.025,0.015,-6.73,54,42.6,17.78,-0.679
ETERNAL,3,0.015,0.005,32.78,24,37.5,6.79,1.411
ETERNAL,3,0.015,0.01,69.13,24,37.5,13.25,1.454
ETERNAL,3,0.015,0.015,50.51,11,27.3,13.48,1.152
ETERNAL,3,0.02,0.005,21.75,24,37.5,6.67,1.299
ETERNAL,3,0.02,0.01,44.59,24,37.5,13.0,1.391
ETERNAL,3,0.02,0.015,68.0,24,37.5,19.0,1.408
ETERNAL,3,0.025,0.005,17.38,23,39.1,4.79,1.141
ETERNAL,3,0.025,0.01,35.74,23,39.1,9.47,1.256
ETERNAL,3,0.025,0.015,54.39,23,39.1,13.96,1.278
ETERNAL,4,0.015,0.005,5.09,8,12.5,8.63,0.167
ETERNAL,4,0.015,0.01,9.37,8,12.5,15.97,0.266
ETERNAL,4,0.015,0.015,-5.49,4,0.0,7.16,-4.303
ETERNAL,4,0.02,0.005,0.26,8,12.5,9.77,-0.275
ETERNAL,4,0.02,0.01,-0.2,8,12.5,18.38,-0.147
ETERNAL,4,0.02,0.015,-1.2,8,12.5,25.96,-0.118
ETERNAL,4,0.025,0.005,0.26,8,12.5,7.93,-0.349
ETERNAL,4,0.025,0.01,0.08,8,12.5,15.05,-0.174
ETERNAL,4,0.025,0.015,-0.54,8,12.5,21.53,-0.13
