month,total_pnl,trade_count,win_count,win_rate_pct,total_pnl_str
2024-01,1687.13,8,2,25.0,"+1,687"
2024-02,29417.13,80,41,51.2,"+29,417"
2024-03,25833.53,94,57,60.6,"+25,834"
2024-04,16259.46,62,33,53.2,"+16,259"
2024-05,58354.0,99,60,60.6,"+58,354"
2024-06,106628.65,102,74,72.5,"+106,629"
2024-07,43422.19,84,48,57.1,"+43,422"
2024-08,41336.6,64,43,67.2,"+41,337"
2024-09,44895.15,77,51,66.2,"+44,895"
2024-10,-99607.36,114,38,33.3,"-99,607"
2024-11,-14477.05,75,32,42.7,"-14,477"
2024-12,-26156.21,88,36,40.9,"-26,156"
2025-01,-45898.44,100,40,40.0,"-45,898"
2025-02,-3577.97,93,50,53.8,"-3,578"
2025-03,80751.63,85,62,72.9,"+80,752"
2025-04,22028.56,78,42,53.8,"+22,029"
2025-05,459.67,72,37,51.4,+460
2025-06,20893.62,88,44,50.0,"+20,894"
2025-07,-47293.27,82,23,28.0,"-47,293"
2025-08,29936.79,81,49,60.5,"+29,937"
2025-09,2236.69,82,37,45.1,"+2,237"
2025-10,52751.24,76,53,69.7,"+52,751"
2025-11,15359.84,62,36,58.1,"+15,360"
2025-12,-3280.55,78,35,44.9,"-3,281"
2026-01,-41017.45,98,42,42.9,"-41,017"
2026-02,54707.96,96,62,64.6,"+54,708"
2026-03,-136724.32,93,21,22.6,"-136,724"
2026-04,90852.17,100,71,71.0,"+90,852"
2026-05,24487.68,68,38,55.9,"+24,488"
2026-06,-22493.7,64,28,43.8,"-22,494"
2026-07,-16130.03,75,35,46.7,"-16,130"
2026-08,-29561.76,79,24,30.4,"-29,562"
2026-09,-48706.91,71,23,32.4,"-48,707"
