rank,symbol,ending_capital,total_return_pct,total_trades,win_rate_pct,max_drawdown_pct,sharpe_ratio
1,BAJAJ-AUTO,134886.13,34.89,4,25.0,20.16,1.275
2,TRENT,126574.23,26.57,6,16.7,18.59,0.931
3,HINDALCO,119499.12,19.5,5,20.0,19.22,0.682
4,BAJAJFINSV,118420.69,18.42,3,33.3,9.18,0.789
5,SBIN,117461.78,17.46,4,25.0,16.34,0.472
6,ICICIBANK,116100.33,16.1,2,100.0,7.33,0.924
7,ETERNAL,114573.41,14.57,6,33.3,22.96,0.976
8,JSWSTEEL,113769.47,13.77,6,33.3,14.08,2.788
9,EICHERMOT,113027.47,13.03,7,42.9,9.78,0.446
10,HEROMOTOCO,112748.91,12.75,5,20.0,12.36,0.277
11,ADANIENT,110928.58,10.93,2,0.0,5.09,0.349
12,BHARTIARTL,109983.62,9.98,5,20.0,13.3,0.256
13,MARUTI,105168.39,5.17,3,0.0,20.66,0.115
14,GRASIM,104278.12,4.28,5,20.0,10.93,0.124
15,HDFCBANK,103443.77,3.44,4,50.0,10.16,0.055
16,BAJFINANCE,103296.98,3.3,7,14.3,11.3,0.05
17,CIPLA,103012.3,3.01,2,0.0,9.56,0.004
18,ULTRACEMCO,102935.64,2.94,6,16.7,14.4,0.035
19,ASIANPAINT,102793.5,2.79,4,0.0,13.93,-0.001
20,TATASTEEL,102393.3,2.39,8,25.0,13.77,-0.029
21,SBILIFE,102113.27,2.11,4,25.0,14.2,-0.02
22,KOTAKBANK,100120.03,0.12,4,25.0,10.87,-0.356
23,SUNPHARMA,100000.0,0.0,0,0.0,0.0,
24,NTPC,99719.85,-0.28,6,33.3,14.05,-0.153
25,NESTLEIND,99703.7,-0.3,4,0.0,9.59,-0.518
26,JIOFIN,99236.54,-0.76,4,25.0,13.16,-0.492
27,ITC,98835.18,-1.16,1,0.0,2.98,-2.528
28,RELIANCE,97615.78,-2.38,3,33.3,7.33,-2.443
29,INDUSINDBK,96616.74,-3.38,6,0.0,14.36,-1.335
30,HDFCLIFE,96365.03,-3.63,4,25.0,20.49,-0.526
31,TITAN,94330.94,-5.67,5,20.0,8.8,-18.301
32,INFY,94038.05,-5.96,5,20.0,7.67,-1.356
33,BEL,93483.96,-6.52,4,25.0,21.9,-0.307
34,HINDUNILVR,93466.17,-6.53,4,0.0,20.26,-5.334
35,DRREDDY,92281.77,-7.72,4,0.0,8.99,-2.641
36,APOLLOHOSP,92205.73,-7.79,4,0.0,8.24,-5.745
37,LT,91095.29,-8.9,3,0.0,14.23,-0.644
38,ADANIPORTS,90914.94,-9.09,6,16.7,12.3,-1.709
39,TCS,90840.37,-9.16,5,0.0,11.9,-4.805
40,HCLTECH,89638.0,-10.36,4,0.0,23.09,-0.286
41,TECHM,89081.59,-10.92,5,0.0,12.39,-7.158
42,AXISBANK,88472.04,-11.53,5,0.0,15.75,-19.383
43,COALINDIA,87530.64,-12.47,9,11.1,18.47,-10.514
44,ONGC,85991.93,-14.01,7,0.0,20.68,-1.698
45,POWERGRID,85852.8,-14.15,6,0.0,21.23,-0.967
46,SHRIRAMFIN,84229.57,-15.77,9,11.1,24.02,-1.424
47,WIPRO,83506.95,-16.49,7,0.0,19.34,-1.699
48,TATACONSUM,81662.24,-18.34,10,0.0,25.29,-3.785
49,M&M,81505.05,-18.49,9,0.0,18.49,-0.546
