2026-08-14 09:34:11,NESTLEIND,1508.7
2026-08-14 09:34:11,NTPC,92.09
2026-08-14 09:34:11,EICHERMOT,8073.0
2026-08-14 09:34:11,GRASIM,3237.3
2026-08-14 09:34:11,APOLLOHOSP,8727.0
2026-08-14 09:34:11,EICHERMOT,8073.5
2026-08-14 09:34:12,APOLLOHOSP,8728.0
2026-08-14 09:34:12,APOLLOHOSP,8724.5
2026-08-14 09:34:13,EICHERMOT,8079.0
2026-08-14 09:34:13,GRASIM,3236.7
2026-08-14 09:34:14,APOLLOHOSP,8727.5
2026-08-14 09:34:14,NESTLEIND,1508.8
2026-08-14 09:34:14,APOLLOHOSP,8725.0
2026-08-14 09:34:15,GRASIM,3239.0
2026-08-14 09:34:16,APOLLOHOSP,8727.0
2026-08-14 09:34:16,NTPC,92.05
2026-08-14 09:34:16,APOLLOHOSP,8728.0
2026-08-14 09:34:17,EICHERMOT,8079.5
2026-08-14 09:34:17,APOLLOHOSP,8725.5
2026-08-14 09:34:18,EICHERMOT,8082.0
2026-08-14 09:34:18,APOLLOHOSP,8728.5
2026-08-14 09:34:19,APOLLOHOSP,8728.0
2026-08-14 09:34:20,NESTLEIND,1508.7
2026-08-14 09:34:20,EICHERMOT,8079.5
2026-08-14 09:34:20,APOLLOHOSP,8729.0
2026-08-14 09:34:21,EICHERMOT,8079.0
2026-08-14 09:34:22,APOLLOHOSP,8728.0
2026-08-14 09:34:22,NESTLEIND,1509.1
2026-08-14 09:34:22,NTPC,92.06
2026-08-14 09:34:22,GRASIM,3237.3
2026-08-14 09:34:22,EICHERMOT,8082.0
2026-08-14 09:34:24,NTPC,92.05
2026-08-14 09:34:24,EICHERMOT,8079.5
2026-08-14 09:34:25,EICHERMOT,8078.5
2026-08-14 09:34:26,NTPC,92.09
2026-08-14 09:34:26,GRASIM,3239.0
2026-08-14 09:34:26,APOLLOHOSP,8729.5
2026-08-14 09:34:27,GRASIM,3238.7
2026-08-14 09:34:27,NTPC,92.08
2026-08-14 09:34:27,EICHERMOT,8078.0
2026-08-14 09:34:27,APOLLOHOSP,8727.5
2026-08-14 09:34:27,GRASIM,3238.0
2026-08-14 09:34:28,NESTLEIND,1509.0
2026-08-14 09:34:28,APOLLOHOSP,8728.5
2026-08-14 09:34:28,GRASIM,3238.4
2026-08-14 09:34:28,APOLLOHOSP,8729.5
2026-08-14 09:34:29,NESTLEIND,1508.8
2026-08-14 09:34:30,APOLLOHOSP,8729.0
2026-08-14 09:34:30,NESTLEIND,1509.0
2026-08-14 09:34:30,EICHERMOT,8077.0
2026-08-14 09:34:30,APOLLOHOSP,8727.0
2026-08-14 09:34:31,APOLLOHOSP,8729.0
2026-08-14 09:34:31,NTPC,92.09
2026-08-14 09:34:31,GRASIM,3238.0
2026-08-14 09:34:32,APOLLOHOSP,8729.5
2026-08-14 09:34:32,NESTLEIND,1508.6
2026-08-14 09:34:32,APOLLOHOSP,8730.0
2026-08-14 09:34:34,APOLLOHOSP,8734.5
2026-08-14 09:34:34,APOLLOHOSP,8731.5
2026-08-14 09:34:35,EICHERMOT,8076.5
2026-08-14 09:34:35,APOLLOHOSP,8735.5
2026-08-14 09:34:36,NTPC,92.02
2026-08-14 09:34:36,GRASIM,3236.0
2026-08-14 09:34:36,APOLLOHOSP,8733.0
2026-08-14 09:34:37,NTPC,92.0
2026-08-14 09:34:37,NESTLEIND,1508.5
2026-08-14 09:34:37,GRASIM,3236.8
2026-08-14 09:34:37,APOLLOHOSP,8735.5
2026-08-14 09:34:38,APOLLOHOSP,8736.0
2026-08-14 09:34:39,EICHERMOT,8075.0
2026-08-14 09:34:40,NTPC,91.97
2026-08-14 09:34:40,APOLLOHOSP,8745.0
2026-08-14 09:34:41,NTPC,92.02
2026-08-14 09:34:42,APOLLOHOSP,8743.0
2026-08-14 09:34:42,APOLLOHOSP,8741.0
2026-08-14 09:34:43,APOLLOHOSP,8742.5
2026-08-14 09:34:44,EICHERMOT,8076.5
2026-08-14 09:34:44,GRASIM,3235.3
2026-08-14 09:34:44,APOLLOHOSP,8748.0
2026-08-14 09:34:46,APOLLOHOSP,8745.5
2026-08-14 09:34:46,GRASIM,3236.3
2026-08-14 09:34:46,APOLLOHOSP,8749.0
2026-08-14 09:34:47,EICHERMOT,8078.0
2026-08-14 09:34:48,APOLLOHOSP,8745.5
2026-08-14 09:34:48,NTPC,92.0
2026-08-14 09:34:48,APOLLOHOSP,8745.0
2026-08-14 09:34:49,APOLLOHOSP,8747.0
2026-08-14 09:34:49,EICHERMOT,8076.5
2026-08-14 09:34:50,EICHERMOT,8077.0
2026-08-14 09:34:50,APOLLOHOSP,8746.0
2026-08-14 09:34:52,APOLLOHOSP,8748.0
2026-08-14 09:34:54,APOLLOHOSP,8747.5
2026-08-14 09:34:54,EICHERMOT,8078.5
2026-08-14 09:34:54,APOLLOHOSP,8745.5
2026-08-14 09:34:55,APOLLOHOSP,8749.0
2026-08-14 09:34:56,APOLLOHOSP,8748.5
2026-08-14 09:34:56,EICHERMOT,8078.0
2026-08-14 09:34:56,NESTLEIND,1508.4
2026-08-14 09:34:58,APOLLOHOSP,8749.0
2026-08-14 09:34:58,APOLLOHOSP,8746.0
2026-08-14 09:34:59,NESTLEIND,1508.5
2026-08-14 09:34:59,EICHERMOT,8079.0
2026-08-14 09:34:59,APOLLOHOSP,8749.0
2026-08-14 09:35:00,EICHERMOT,8078.5
2026-08-14 09:35:00,APOLLOHOSP,8753.5
2026-08-14 09:35:00,NESTLEIND,1509.0
2026-08-14 09:35:00,GRASIM,3237.5
2026-08-14 09:35:00,APOLLOHOSP,8753.0
2026-08-14 09:35:01,NESTLEIND,1508.5
2026-08-14 09:35:01,GRASIM,3236.6
2026-08-14 09:35:01,APOLLOHOSP,8756.0
2026-08-14 09:35:02,EICHERMOT,8081.0
2026-08-14 09:35:02,APOLLOHOSP,8758.5
2026-08-14 09:35:03,APOLLOHOSP,8756.5
2026-08-14 09:35:04,APOLLOHOSP,8755.0
2026-08-14 09:35:04,GRASIM,3236.4
2026-08-14 09:35:04,APOLLOHOSP,8756.0
2026-08-14 09:35:05,APOLLOHOSP,8755.5
2026-08-14 09:35:06,NESTLEIND,1508.4
2026-08-14 09:35:06,NTPC,92.02
2026-08-14 09:35:06,GRASIM,3237.5
2026-08-14 09:35:06,APOLLOHOSP,8756.0
2026-08-14 09:35:07,EICHERMOT,8078.5
2026-08-14 09:35:07,APOLLOHOSP,8751.5
2026-08-14 09:35:08,APOLLOHOSP,8755.0
2026-08-14 09:35:08,APOLLOHOSP,8744.0
2026-08-14 09:35:10,EICHERMOT,8079.0
2026-08-14 09:35:10,APOLLOHOSP,8751.5
2026-08-14 09:35:10,NESTLEIND,1508.5
2026-08-14 09:35:10,APOLLOHOSP,8749.5
2026-08-14 09:35:11,NESTLEIND,1509.1
2026-08-14 09:35:11,APOLLOHOSP,8750.0
2026-08-14 09:35:12,APOLLOHOSP,8751.5
2026-08-14 09:35:12,GRASIM,3236.0
2026-08-14 09:35:14,GRASIM,3235.8
2026-08-14 09:35:14,APOLLOHOSP,8749.0
2026-08-14 09:35:14,NESTLEIND,1508.6
2026-08-14 09:35:14,APOLLOHOSP,8751.0
2026-08-14 09:35:15,GRASIM,3235.9
2026-08-14 09:35:16,APOLLOHOSP,8751.5
2026-08-14 09:35:16,EICHERMOT,8080.0
2026-08-14 09:35:16,APOLLOHOSP,8748.5
2026-08-14 09:35:17,APOLLOHOSP,8748.0
2026-08-14 09:35:18,APOLLOHOSP,8751.5
2026-08-14 09:35:19,APOLLOHOSP,8752.0
2026-08-14 09:35:20,GRASIM,3237.5
2026-08-14 09:35:20,APOLLOHOSP,8753.5
2026-08-14 09:35:22,NESTLEIND,1509.0
2026-08-14 09:35:22,GRASIM,3237.7
2026-08-14 09:35:22,APOLLOHOSP,8754.5
2026-08-14 09:35:24,GRASIM,3236.9
2026-08-14 09:35:24,APOLLOHOSP,8755.0
2026-08-14 09:35:24,APOLLOHOSP,8751.5
2026-08-14 09:35:25,EICHERMOT,8079.0
2026-08-14 09:35:25,APOLLOHOSP,8753.5
2026-08-14 09:35:25,GRASIM,3235.8
2026-08-14 09:35:26,APOLLOHOSP,8756.5
2026-08-14 09:35:26,EICHERMOT,8080.0
2026-08-14 09:35:28,APOLLOHOSP,8754.5
2026-08-14 09:35:28,APOLLOHOSP,8756.5
2026-08-14 09:35:29,NESTLEIND,1508.7
2026-08-14 09:35:29,APOLLOHOSP,8757.0
2026-08-14 09:35:30,APOLLOHOSP,8758.0
2026-08-14 09:35:30,NESTLEIND,1509.3
2026-08-14 09:35:30,GRASIM,3237.5
2026-08-14 09:35:30,APOLLOHOSP,8756.5
2026-08-14 09:35:31,APOLLOHOSP,8753.0
2026-08-14 09:35:32,APOLLOHOSP,8755.5
2026-08-14 09:35:32,APOLLOHOSP,8759.0
2026-08-14 09:35:33,APOLLOHOSP,8756.0
2026-08-14 09:35:34,GRASIM,3235.9
2026-08-14 09:35:34,APOLLOHOSP,8759.0
2026-08-14 09:35:34,APOLLOHOSP,8757.5
2026-08-14 09:35:35,APOLLOHOSP,8756.0
2026-08-14 09:35:35,GRASIM,3235.8
2026-08-14 09:35:36,APOLLOHOSP,8755.0
2026-08-14 09:35:36,EICHERMOT,8079.0
2026-08-14 09:35:36,APOLLOHOSP,8755.5
2026-08-14 09:35:37,EICHERMOT,8080.0
2026-08-14 09:35:37,APOLLOHOSP,8753.5
2026-08-14 09:35:38,APOLLOHOSP,8750.0
2026-08-14 09:35:39,NESTLEIND,1509.0
2026-08-14 09:35:39,APOLLOHOSP,8753.0
2026-08-14 09:35:40,NESTLEIND,1508.6
2026-08-14 09:35:40,GRASIM,3235.5
2026-08-14 09:35:42,APOLLOHOSP,8753.5
2026-08-14 09:35:42,NESTLEIND,1508.7
2026-08-14 09:35:43,GRASIM,3235.8
2026-08-14 09:35:44,APOLLOHOSP,8751.5
2026-08-14 09:35:44,GRASIM,3235.6
2026-08-14 09:35:44,APOLLOHOSP,8753.5
2026-08-14 09:35:45,NESTLEIND,1508.9
2026-08-14 09:35:46,APOLLOHOSP,8751.5
2026-08-14 09:35:46,APOLLOHOSP,8753.5
2026-08-14 09:35:47,NESTLEIND,1508.7
2026-08-14 09:35:47,EICHERMOT,8079.0
2026-08-14 09:35:47,GRASIM,3236.9
2026-08-14 09:35:49,APOLLOHOSP,8753.0
2026-08-14 09:35:50,APOLLOHOSP,8753.5
2026-08-14 09:35:50,NESTLEIND,1508.6
2026-08-14 09:35:51,APOLLOHOSP,8753.0
2026-08-14 09:35:52,APOLLOHOSP,8751.5
2026-08-14 09:35:54,APOLLOHOSP,8753.0
2026-08-14 09:35:55,NESTLEIND,1508.7
2026-08-14 09:35:55,GRASIM,3236.0
2026-08-14 09:35:56,APOLLOHOSP,8750.0
2026-08-14 09:35:56,NESTLEIND,1508.6
2026-08-14 09:35:56,EICHERMOT,8079.5
2026-08-14 09:35:57,NTPC,91.99
2026-08-14 09:35:57,EICHERMOT,8080.0
2026-08-14 09:35:58,APOLLOHOSP,8751.5
2026-08-14 09:35:59,EICHERMOT,8079.0
2026-08-14 09:36:00,NESTLEIND,1508.7
2026-08-14 09:36:00,EICHERMOT,8080.0
2026-08-14 09:36:00,GRASIM,3236.7
2026-08-14 09:36:00,NTPC,91.98
2026-08-14 09:36:01,GRASIM,3236.0
2026-08-14 09:36:02,APOLLOHOSP,8750.0
2026-08-14 09:36:02,APOLLOHOSP,8751.5
2026-08-14 09:36:04,APOLLOHOSP,8754.5
2026-08-14 09:36:04,NESTLEIND,1509.2
2026-08-14 09:36:04,GRASIM,3237.0
2026-08-14 09:36:04,APOLLOHOSP,8753.0
2026-08-14 09:36:06,APOLLOHOSP,8751.5
2026-08-14 09:36:07,EICHERMOT,8079.0
2026-08-14 09:36:07,APOLLOHOSP,8752.5
2026-08-14 09:36:08,APOLLOHOSP,8754.5
2026-08-14 09:36:10,APOLLOHOSP,8755.0
2026-08-14 09:36:10,EICHERMOT,8080.0
2026-08-14 09:36:10,APOLLOHOSP,8751.5
2026-08-14 09:36:11,APOLLOHOSP,8753.0
2026-08-14 09:36:11,NTPC,91.94
2026-08-14 09:36:12,APOLLOHOSP,8753.5
2026-08-14 09:36:14,NTPC,91.89
2026-08-14 09:36:14,APOLLOHOSP,8751.5
2026-08-14 09:36:14,NESTLEIND,1508.6
2026-08-14 09:36:15,NTPC,91.9
2026-08-14 09:36:15,NESTLEIND,1508.9
2026-08-14 09:36:16,EICHERMOT,8082.0
2026-08-14 09:36:18,NESTLEIND,1509.0
2026-08-14 09:36:18,NTPC,91.95
2026-08-14 09:36:18,APOLLOHOSP,8751.0
2026-08-14 09:36:19,NTPC,91.87
2026-08-14 09:36:20,NTPC,91.95
2026-08-14 09:36:20,NTPC,91.9
2026-08-14 09:36:20,APOLLOHOSP,8750.0
2026-08-14 09:36:22,GRASIM,3235.8
2026-08-14 09:36:22,APOLLOHOSP,8750.5
2026-08-14 09:36:22,GRASIM,3237.2
2026-08-14 09:36:22,APOLLOHOSP,8747.0
2026-08-14 09:36:23,APOLLOHOSP,8750.0
2026-08-14 09:36:25,APOLLOHOSP,8747.5
2026-08-14 09:36:26,APOLLOHOSP,8750.0
2026-08-14 09:36:27,APOLLOHOSP,8746.5
2026-08-14 09:36:28,APOLLOHOSP,8750.0
2026-08-14 09:36:28,NTPC,91.92
2026-08-14 09:36:29,APOLLOHOSP,8747.5
2026-08-14 09:36:30,APOLLOHOSP,8750.0
2026-08-14 09:36:30,NESTLEIND,1508.6
2026-08-14 09:36:30,GRASIM,3236.5
2026-08-14 09:36:30,APOLLOHOSP,8749.5
2026-08-14 09:36:31,NESTLEIND,1509.0
2026-08-14 09:36:32,APOLLOHOSP,8751.5
2026-08-14 09:36:32,APOLLOHOSP,8748.5
2026-08-14 09:36:32,NTPC,91.96
2026-08-14 09:36:33,GRASIM,3236.3
2026-08-14 09:36:33,APOLLOHOSP,8751.5
2026-08-14 09:36:34,GRASIM,3235.0
2026-08-14 09:36:36,NESTLEIND,1508.9
2026-08-14 09:36:36,NTPC,91.89
2026-08-14 09:36:36,EICHERMOT,8079.0
2026-08-14 09:36:37,GRASIM,3236.2
2026-08-14 09:36:37,APOLLOHOSP,8748.0
2026-08-14 09:36:37,EICHERMOT,8082.0
2026-08-14 09:36:37,GRASIM,3235.0
2026-08-14 09:36:38,APOLLOHOSP,8751.5
2026-08-14 09:36:38,APOLLOHOSP,8751.0
2026-08-14 09:36:40,APOLLOHOSP,8750.0
2026-08-14 09:36:41,GRASIM,3235.2
2026-08-14 09:36:42,NESTLEIND,1508.5
2026-08-14 09:36:42,EICHERMOT,8081.0
2026-08-14 09:36:42,APOLLOHOSP,8748.0
2026-08-14 09:36:43,GRASIM,3234.6
2026-08-14 09:36:43,APOLLOHOSP,8749.0
2026-08-14 09:36:44,NTPC,91.94
2026-08-14 09:36:44,APOLLOHOSP,8751.0
2026-08-14 09:36:44,NESTLEIND,1508.9
2026-08-14 09:36:44,GRASIM,3234.7
2026-08-14 09:36:44,APOLLOHOSP,8751.5
2026-08-14 09:36:45,APOLLOHOSP,8748.5
2026-08-14 09:36:46,APOLLOHOSP,8751.5
2026-08-14 09:36:46,NTPC,91.89
2026-08-14 09:36:46,EICHERMOT,8082.0
2026-08-14 09:36:47,NESTLEIND,1509.0
2026-08-14 09:36:47,APOLLOHOSP,8749.0
2026-08-14 09:36:48,NESTLEIND,1508.8
2026-08-14 09:36:50,APOLLOHOSP,8751.0
2026-08-14 09:36:52,GRASIM,3235.4
2026-08-14 09:36:52,NTPC,91.94
2026-08-14 09:36:54,NESTLEIND,1509.0
2026-08-14 09:36:54,NTPC,91.88
2026-08-14 09:36:54,APOLLOHOSP,8749.0
2026-08-14 09:36:55,GRASIM,3234.4
2026-08-14 09:36:55,NTPC,91.94
2026-08-14 09:36:55,EICHERMOT,8081.0
2026-08-14 09:36:56,APOLLOHOSP,8747.0
2026-08-14 09:36:56,NESTLEIND,1508.5
2026-08-14 09:36:56,NTPC,91.87
2026-08-14 09:36:57,NTPC,91.92
2026-08-14 09:36:57,EICHERMOT,8082.0
2026-08-14 09:36:57,NESTLEIND,1508.6
2026-08-14 09:36:57,GRASIM,3234.9
2026-08-14 09:36:58,APOLLOHOSP,8749.0
2026-08-14 09:36:58,NTPC,91.87
2026-08-14 09:36:58,APOLLOHOSP,8751.0
2026-08-14 09:36:59,NTPC,91.85
2026-08-14 09:36:59,NESTLEIND,1508.4
2026-08-14 09:36:59,APOLLOHOSP,8747.0
2026-08-14 09:37:00,NTPC,91.91
2026-08-14 09:37:00,EICHERMOT,8081.0
2026-08-14 09:37:00,GRASIM,3235.3
2026-08-14 09:37:00,APOLLOHOSP,8749.0
2026-08-14 09:37:01,APOLLOHOSP,8749.5
2026-08-14 09:37:02,NTPC,91.85
2026-08-14 09:37:02,NESTLEIND,1508.2
2026-08-14 09:37:02,APOLLOHOSP,8750.0
2026-08-14 09:37:03,NESTLEIND,1508.1
2026-08-14 09:37:04,APOLLOHOSP,8756.5
2026-08-14 09:37:04,APOLLOHOSP,8749.5
2026-08-14 09:37:05,APOLLOHOSP,8754.5
2026-08-14 09:37:05,EICHERMOT,8079.0
2026-08-14 09:37:05,GRASIM,3234.0
2026-08-14 09:37:06,APOLLOHOSP,8757.5
2026-08-14 09:37:06,NESTLEIND,1508.0
2026-08-14 09:37:06,APOLLOHOSP,8751.5
2026-08-14 09:37:07,EICHERMOT,8082.0
2026-08-14 09:37:07,NESTLEIND,1508.5
2026-08-14 09:37:08,APOLLOHOSP,8756.0
2026-08-14 09:37:08,NTPC,91.89
2026-08-14 09:37:08,NESTLEIND,1508.0
2026-08-14 09:37:08,GRASIM,3233.9
2026-08-14 09:37:08,APOLLOHOSP,8758.5
2026-08-14 09:37:09,APOLLOHOSP,8765.0
2026-08-14 09:37:10,APOLLOHOSP,8762.0
2026-08-14 09:37:10,APOLLOHOSP,8758.5
2026-08-14 09:37:11,APOLLOHOSP,8760.5
2026-08-14 09:37:12,APOLLOHOSP,8758.0
2026-08-14 09:37:13,APOLLOHOSP,8756.0
2026-08-14 09:37:14,NTPC,91.93
2026-08-14 09:37:14,APOLLOHOSP,8761.0
2026-08-14 09:37:14,APOLLOHOSP,8759.0
2026-08-14 09:37:16,GRASIM,3233.2
2026-08-14 09:37:17,NTPC,91.89
2026-08-14 09:37:18,APOLLOHOSP,8758.0
2026-08-14 09:37:18,APOLLOHOSP,8755.5
2026-08-14 09:37:18,NTPC,91.94
2026-08-14 09:37:19,APOLLOHOSP,8756.5
2026-08-14 09:37:20,EICHERMOT,8079.5
2026-08-14 09:37:20,APOLLOHOSP,8752.5
2026-08-14 09:37:20,EICHERMOT,8079.0
2026-08-14 09:37:20,GRASIM,3233.0
2026-08-14 09:37:20,APOLLOHOSP,8757.5
2026-08-14 09:37:21,GRASIM,3235.3
2026-08-14 09:37:21,NTPC,91.89
2026-08-14 09:37:21,APOLLOHOSP,8757.0
2026-08-14 09:37:22,APOLLOHOSP,8760.5
2026-08-14 09:37:22,NESTLEIND,1508.5
2026-08-14 09:37:22,NTPC,91.94
2026-08-14 09:37:22,APOLLOHOSP,8761.5
2026-08-14 09:37:23,APOLLOHOSP,8754.0
2026-08-14 09:37:23,EICHERMOT,8079.5
2026-08-14 09:37:24,APOLLOHOSP,8751.5
2026-08-14 09:37:24,APOLLOHOSP,8756.5
2026-08-14 09:37:25,APOLLOHOSP,8752.0
2026-08-14 09:37:25,NESTLEIND,1508.4
2026-08-14 09:37:25,NTPC,91.91
2026-08-14 09:37:26,APOLLOHOSP,8754.0
2026-08-14 09:37:26,APOLLOHOSP,8752.5
2026-08-14 09:37:27,APOLLOHOSP,8754.5
2026-08-14 09:37:28,APOLLOHOSP,8755.0
2026-08-14 09:37:28,APOLLOHOSP,8754.0
2026-08-14 09:37:29,APOLLOHOSP,8753.0
2026-08-14 09:37:30,EICHERMOT,8081.5
2026-08-14 09:37:30,APOLLOHOSP,8747.0
2026-08-14 09:37:30,NTPC,91.92
2026-08-14 09:37:30,GRASIM,3235.2
2026-08-14 09:37:30,APOLLOHOSP,8750.5
2026-08-14 09:37:31,GRASIM,3233.9
2026-08-14 09:37:31,APOLLOHOSP,8747.0
2026-08-14 09:37:31,NESTLEIND,1508.3
2026-08-14 09:37:32,APOLLOHOSP,8747.5
2026-08-14 09:37:32,NTPC,91.93
2026-08-14 09:37:32,GRASIM,3235.3
2026-08-14 09:37:32,APOLLOHOSP,8750.0
2026-08-14 09:37:33,EICHERMOT,8079.5
2026-08-14 09:37:34,APOLLOHOSP,8745.5
2026-08-14 09:37:34,NTPC,91.98
2026-08-14 09:37:34,EICHERMOT,8079.0
2026-08-14 09:37:34,APOLLOHOSP,8745.0
2026-08-14 09:39:33,NESTLEIND,1510.3
2026-08-14 09:39:33,NTPC,92.0
2026-08-14 09:39:33,SBILIFE,1799.3
2026-08-14 09:39:33,GRASIM,3238.1
2026-08-14 09:39:33,EICHERMOT,8084.0
2026-08-14 09:39:33,APOLLOHOSP,8756.5
2026-08-14 09:39:34,APOLLOHOSP,8758.5
2026-08-14 09:39:34,NTPC,91.95
2026-08-14 09:39:34,APOLLOHOSP,8760.0
2026-08-14 09:39:36,SBILIFE,1798.8
2026-08-14 09:39:36,APOLLOHOSP,8758.5
2026-08-14 09:39:36,APOLLOHOSP,8760.0
2026-08-14 09:39:37,EICHERMOT,8082.0
2026-08-14 09:39:37,APOLLOHOSP,8759.5
2026-08-14 09:39:38,NESTLEIND,1510.0
2026-08-14 09:39:38,SBILIFE,1799.1
2026-08-14 09:39:38,APOLLOHOSP,8758.5
2026-08-14 09:39:39,NESTLEIND,1510.3
2026-08-14 09:39:40,NTPC,92.0
2026-08-14 09:39:40,APOLLOHOSP,8759.0
2026-08-14 09:39:40,SBILIFE,1799.0
2026-08-14 09:39:41,NESTLEIND,1510.0
2026-08-14 09:39:42,NESTLEIND,1508.7
2026-08-14 09:39:42,GRASIM,3237.5
2026-08-14 09:39:42,APOLLOHOSP,8758.0
2026-08-14 09:39:42,NESTLEIND,1508.2
2026-08-14 09:39:43,EICHERMOT,8082.5
2026-08-14 09:39:43,NESTLEIND,1507.5
2026-08-14 09:39:43,SBILIFE,1798.4
2026-08-14 09:39:43,GRASIM,3236.7
2026-08-14 09:39:43,APOLLOHOSP,8756.0
2026-08-14 09:39:44,SBILIFE,1798.6
2026-08-14 09:39:45,NESTLEIND,1507.6
2026-08-14 09:39:45,NTPC,91.95
2026-08-14 09:39:45,SBILIFE,1797.9
2026-08-14 09:39:45,APOLLOHOSP,8758.5
2026-08-14 09:39:46,GRASIM,3237.8
2026-08-14 09:39:46,APOLLOHOSP,8762.0
2026-08-14 09:39:46,SBILIFE,1798.8
2026-08-14 09:39:47,GRASIM,3237.5
2026-08-14 09:39:48,NESTLEIND,1508.4
2026-08-14 09:39:48,APOLLOHOSP,8762.5
2026-08-14 09:39:50,NESTLEIND,1507.6
2026-08-14 09:39:50,APOLLOHOSP,8760.0
2026-08-14 09:39:50,APOLLOHOSP,8762.5
2026-08-14 09:39:52,NTPC,92.0
2026-08-14 09:39:52,NESTLEIND,1507.2
2026-08-14 09:39:52,GRASIM,3238.9
2026-08-14 09:39:53,SBILIFE,1797.9
2026-08-14 09:39:53,EICHERMOT,8081.5
2026-08-14 09:39:53,APOLLOHOSP,8762.0
2026-08-14 09:39:54,GRASIM,3238.0
2026-08-14 09:39:54,SBILIFE,1798.7
2026-08-14 09:39:56,SBILIFE,1797.2
2026-08-14 09:39:56,APOLLOHOSP,8758.5
2026-08-14 09:39:57,EICHERMOT,8082.0
2026-08-14 09:39:57,NESTLEIND,1507.4
2026-08-14 09:39:57,APOLLOHOSP,8760.0
2026-08-14 09:39:57,NTPC,92.02
2026-08-14 09:39:57,GRASIM,3239.0
2026-08-14 09:39:58,APOLLOHOSP,8763.5
2026-08-14 09:39:59,NESTLEIND,1507.2
2026-08-14 09:39:59,APOLLOHOSP,8762.0
2026-08-14 09:39:59,SBILIFE,1797.4
2026-08-14 09:40:00,NESTLEIND,1507.4
2026-08-14 09:40:00,GRASIM,3238.2
2026-08-14 09:40:00,SBILIFE,1798.5
2026-08-14 09:40:01,APOLLOHOSP,8761.0
2026-08-14 09:40:03,NTPC,92.0
2026-08-14 09:40:03,SBILIFE,1798.3
2026-08-14 09:40:04,APOLLOHOSP,8762.5
2026-08-14 09:40:05,GRASIM,3237.9
2026-08-14 09:40:06,NTPC,92.02
2026-08-14 09:40:06,APOLLOHOSP,8763.0
2026-08-14 09:40:06,NTPC,92.0
2026-08-14 09:40:06,APOLLOHOSP,8764.0
2026-08-14 09:40:07,EICHERMOT,8081.5
2026-08-14 09:40:07,GRASIM,3237.6
2026-08-14 09:40:08,NESTLEIND,1507.3
2026-08-14 09:40:08,APOLLOHOSP,8760.0
2026-08-14 09:40:08,APOLLOHOSP,8764.0
2026-08-14 09:40:09,APOLLOHOSP,8763.5
2026-08-14 09:40:11,SBILIFE,1798.1
2026-08-14 09:40:12,SBILIFE,1798.3
2026-08-14 09:40:12,APOLLOHOSP,8762.0
2026-08-14 09:40:13,NTPC,92.02
2026-08-14 09:40:13,EICHERMOT,8084.5
2026-08-14 09:40:14,NTPC,92.04
2026-08-14 09:40:14,NTPC,91.96
2026-08-14 09:40:14,SBILIFE,1798.2
2026-08-14 09:40:15,NESTLEIND,1507.6
2026-08-14 09:40:15,SBILIFE,1798.3
2026-08-14 09:40:16,APOLLOHOSP,8763.0
2026-08-14 09:40:17,APOLLOHOSP,8762.5
2026-08-14 09:40:17,NESTLEIND,1507.3
2026-08-14 09:40:17,NTPC,92.02
2026-08-14 09:40:18,APOLLOHOSP,8761.5
2026-08-14 09:40:20,GRASIM,3237.5
2026-08-14 09:40:20,APOLLOHOSP,8760.5
2026-08-14 09:40:21,GRASIM,3236.1
2026-08-14 09:40:22,SBILIFE,1797.9
2026-08-14 09:40:22,EICHERMOT,8085.0
2026-08-14 09:40:22,GRASIM,3236.0
2026-08-14 09:40:23,EICHERMOT,8085.5
2026-08-14 09:40:24,NTPC,92.01
2026-08-14 09:40:24,GRASIM,3236.8
2026-08-14 09:40:24,SBILIFE,1797.6
2026-08-14 09:40:26,APOLLOHOSP,8762.0
2026-08-14 09:40:26,SBILIFE,1797.4
2026-08-14 09:40:26,APOLLOHOSP,8763.0
2026-08-14 09:40:27,NTPC,92.02
2026-08-14 09:40:28,EICHERMOT,8086.5
2026-08-14 09:40:28,NTPC,92.0
2026-08-14 09:40:28,APOLLOHOSP,8764.0
2026-08-14 09:40:29,GRASIM,3237.5
2026-08-14 09:40:29,APOLLOHOSP,8767.0
2026-08-14 09:40:30,NESTLEIND,1507.6
2026-08-14 09:40:30,NTPC,92.02
2026-08-14 09:40:30,SBILIFE,1797.0
2026-08-14 09:40:30,GRASIM,3237.6
2026-08-14 09:40:30,SBILIFE,1797.3
2026-08-14 09:40:30,APOLLOHOSP,8764.0
2026-08-14 09:40:31,NTPC,91.96
2026-08-14 09:40:31,SBILIFE,1797.0
2026-08-14 09:40:31,EICHERMOT,8085.5
2026-08-14 09:40:31,APOLLOHOSP,8767.0
2026-08-14 09:40:32,APOLLOHOSP,8761.0
2026-08-14 09:40:32,SBILIFE,1797.3
2026-08-14 09:40:32,APOLLOHOSP,8767.5
2026-08-14 09:40:33,SBILIFE,1797.2
2026-08-14 09:40:33,APOLLOHOSP,8762.5
2026-08-14 09:40:34,EICHERMOT,8085.0
2026-08-14 09:40:34,APOLLOHOSP,8765.5
2026-08-14 09:40:35,APOLLOHOSP,8764.0
2026-08-14 09:40:35,EICHERMOT,8086.5
2026-08-14 09:40:36,APOLLOHOSP,8766.0
2026-08-14 09:40:37,APOLLOHOSP,8763.0
2026-08-14 09:40:37,EICHERMOT,8087.0
2026-08-14 09:40:38,APOLLOHOSP,8765.5
2026-08-14 09:40:38,APOLLOHOSP,8767.5
2026-08-14 09:40:38,SBILIFE,1797.0
2026-08-14 09:40:40,EICHERMOT,8088.0
2026-08-14 09:40:40,APOLLOHOSP,8767.0
2026-08-14 09:40:40,SBILIFE,1796.6
2026-08-14 09:40:40,APOLLOHOSP,8767.5
2026-08-14 09:40:42,GRASIM,3237.5
2026-08-14 09:40:43,NESTLEIND,1507.5
2026-08-14 09:40:43,EICHERMOT,8087.5
2026-08-14 09:40:44,GRASIM,3236.7
2026-08-14 09:40:44,APOLLOHOSP,8767.0
2026-08-14 09:40:44,EICHERMOT,8088.0
2026-08-14 09:40:44,SBILIFE,1797.0
2026-08-14 09:40:44,EICHERMOT,8087.5
2026-08-14 09:40:44,APOLLOHOSP,8766.5
2026-08-14 09:40:45,NESTLEIND,1507.6
2026-08-14 09:40:46,GRASIM,3236.5
2026-08-14 09:40:46,APOLLOHOSP,8765.0
2026-08-14 09:40:46,SBILIFE,1796.8
2026-08-14 09:40:46,APOLLOHOSP,8766.5
2026-08-14 09:40:47,NTPC,92.0
2026-08-14 09:40:47,EICHERMOT,8088.0
2026-08-14 09:40:47,GRASIM,3236.7
2026-08-14 09:40:48,GRASIM,3236.5
2026-08-14 09:40:48,APOLLOHOSP,8765.5
2026-08-14 09:40:49,APOLLOHOSP,8764.0
2026-08-14 09:40:50,EICHERMOT,8090.0
2026-08-14 09:40:50,APOLLOHOSP,8764.5
2026-08-14 09:40:50,APOLLOHOSP,8760.5
2026-08-14 09:40:51,EICHERMOT,8094.5
2026-08-14 09:40:51,GRASIM,3236.3
2026-08-14 09:40:51,SBILIFE,1796.6
2026-08-14 09:40:51,EICHERMOT,8095.5
2026-08-14 09:40:51,GRASIM,3235.9
2026-08-14 09:40:51,APOLLOHOSP,8764.5
2026-08-14 09:40:52,EICHERMOT,8099.0
2026-08-14 09:40:52,SBILIFE,1796.8
2026-08-14 09:40:53,SBILIFE,1796.1
2026-08-14 09:40:54,EICHERMOT,8098.0
2026-08-14 09:40:54,APOLLOHOSP,8760.0
2026-08-14 09:40:54,SBILIFE,1796.8
2026-08-14 09:40:54,APOLLOHOSP,8756.5
2026-08-14 09:40:55,SBILIFE,1796.1
2026-08-14 09:40:55,EICHERMOT,8098.5
2026-08-14 09:40:55,GRASIM,3236.5
2026-08-14 09:40:56,APOLLOHOSP,8760.0
2026-08-14 09:40:56,SBILIFE,1796.8
2026-08-14 09:40:57,EICHERMOT,8094.5
2026-08-14 09:40:57,GRASIM,3236.7
2026-08-14 09:40:58,EICHERMOT,8093.5
2026-08-14 09:40:58,GRASIM,3238.2
2026-08-14 09:40:59,SBILIFE,1796.4
2026-08-14 09:41:00,EICHERMOT,8092.5
2026-08-14 09:41:00,GRASIM,3237.7
2026-08-14 09:41:01,NTPC,92.02
2026-08-14 09:41:01,GRASIM,3237.5
2026-08-14 09:41:02,NESTLEIND,1507.5
2026-08-14 09:41:02,EICHERMOT,8093.0
2026-08-14 09:41:02,APOLLOHOSP,8761.0
2026-08-14 09:41:04,EICHERMOT,8092.5
2026-08-14 09:41:04,APOLLOHOSP,8758.0
2026-08-14 09:41:04,SBILIFE,1796.8
2026-08-14 09:41:05,NTPC,92.0
2026-08-14 09:41:06,SBILIFE,1796.6
2026-08-14 09:41:06,APOLLOHOSP,8760.0
2026-08-14 09:41:07,NTPC,92.06
2026-08-14 09:54:23,NESTLEIND,1507.6
2026-08-14 09:54:23,NTPC,91.97
2026-08-14 09:54:23,SBILIFE,1794.6
2026-08-14 09:54:23,EICHERMOT,8106.5
2026-08-14 09:54:23,GRASIM,3240.6
2026-08-14 09:54:23,APOLLOHOSP,8782.5
2026-08-14 09:54:23,APOLLOHOSP,8781.5
2026-08-14 09:54:24,EICHERMOT,8111.5
2026-08-14 09:54:24,APOLLOHOSP,8781.0
2026-08-14 09:54:24,SBILIFE,1794.4
2026-08-14 09:54:24,EICHERMOT,8106.5
2026-08-14 09:54:25,SBILIFE,1794.3
2026-08-14 09:54:25,NESTLEIND,1508.0
2026-08-14 09:54:25,APOLLOHOSP,8775.5
2026-08-14 09:54:26,EICHERMOT,8110.5
2026-08-14 09:54:26,APOLLOHOSP,8780.5
2026-08-14 09:54:27,APOLLOHOSP,8782.0
2026-08-14 09:54:30,GRASIM,3238.7
2026-08-14 09:54:30,APOLLOHOSP,8780.0
2026-08-14 09:54:30,EICHERMOT,8110.0
2026-08-14 09:54:30,NESTLEIND,1507.6
2026-08-14 09:54:30,SBILIFE,1794.0
2026-08-14 09:54:30,APOLLOHOSP,8784.0
2026-08-14 09:54:31,NESTLEIND,1508.0
2026-08-14 09:54:31,EICHERMOT,8110.5
2026-08-14 09:54:31,NTPC,91.93
2026-08-14 09:54:31,GRASIM,3240.1
2026-08-14 09:54:32,NTPC,91.92
2026-08-14 09:54:32,APOLLOHOSP,8779.5
2026-08-14 09:54:32,NESTLEIND,1507.6
2026-08-14 09:54:32,SBILIFE,1794.1
2026-08-14 09:54:32,APOLLOHOSP,8783.0
2026-08-14 09:54:33,NESTLEIND,1508.0
2026-08-14 09:54:33,APOLLOHOSP,8779.5
2026-08-14 09:54:34,EICHERMOT,8110.0
2026-08-14 09:54:34,EICHERMOT,8106.5
2026-08-14 09:54:35,SBILIFE,1793.4
2026-08-14 09:54:35,EICHERMOT,8110.5
2026-08-14 09:54:36,SBILIFE,1794.3
2026-08-14 09:54:37,EICHERMOT,8107.5
2026-08-14 09:58:34,NESTLEIND,1507.6
2026-08-14 09:58:34,SBILIFE,1793.7
2026-08-14 09:58:34,EICHERMOT,8108.0
2026-08-14 09:58:34,APOLLOHOSP,8780.0
2026-08-14 09:58:34,APOLLOHOSP,8785.5
2026-08-14 10:00:05,NTPC,91.92
2026-08-14 10:00:05,SBILIFE,1794.0
2026-08-14 10:00:05,NESTLEIND,1506.7
2026-08-14 10:00:05,GRASIM,3244.2
2026-08-14 10:00:05,EICHERMOT,8103.0
2026-08-14 10:00:05,APOLLOHOSP,8812.0
2026-08-14 10:00:06,APOLLOHOSP,8814.0
2026-08-14 10:00:06,NESTLEIND,1506.5
2026-08-14 10:00:06,EICHERMOT,8102.0
2026-08-14 10:00:06,APOLLOHOSP,8811.5
2026-08-14 10:00:07,APOLLOHOSP,8814.0
2026-08-14 10:00:07,APOLLOHOSP,8815.0
2026-08-14 10:00:08,SBILIFE,1793.8
2026-08-14 10:00:09,SBILIFE,1793.9
2026-08-14 10:00:09,NESTLEIND,1506.7
2026-08-14 10:00:09,APOLLOHOSP,8814.0
2026-08-14 11:34:12,NESTLEIND,1509.2
2026-08-14 11:34:12,NTPC,91.8
2026-08-14 11:34:12,SBILIFE,1793.3
2026-08-14 11:34:12,EICHERMOT,8108.5
2026-08-14 11:34:12,GRASIM,3234.9
2026-08-14 11:34:12,APOLLOHOSP,8888.5
2026-08-14 11:34:13,GRASIM,3234.3
