allocation_method,symbol,weight_pct,allocated_capital,expected_return_pct,sharpe_ratio,max_drawdown_pct,portfolio_return,weighted_drawdown
equal_weight,APOLLOHOSP,7.69,7692.31,57.66,2.089,7.6,25.73,11.77
equal_weight,HINDALCO,7.69,7692.31,39.06,1.858,7.76,25.73,11.77
equal_weight,POWERGRID,7.69,7692.31,21.6,1.439,6.6,25.73,11.77
equal_weight,EICHERMOT,7.69,7692.31,33.61,1.114,7.7,25.73,11.77
equal_weight,NTPC,7.69,7692.31,41.58,1.068,10.41,25.73,11.77
equal_weight,ONGC,7.69,7692.31,29.51,0.955,11.25,25.73,11.77
equal_weight,GRASIM,7.69,7692.31,20.15,0.63,16.02,25.73,11.77
equal_weight,NESTLEIND,7.69,7692.31,18.25,0.609,8.91,25.73,11.77
equal_weight,SBILIFE,7.69,7692.31,20.64,0.606,18.23,25.73,11.77
equal_weight,SBIN,7.69,7692.31,11.64,0.481,15.34,25.73,11.77
equal_weight,CIPLA,7.69,7692.31,12.65,0.47,13.75,25.73,11.77
equal_weight,LT,7.69,7692.31,15.23,0.4,14.83,25.73,11.77
equal_weight,MARUTI,7.69,7692.31,12.85,0.357,14.66,25.73,11.77
sharpe_weighted,APOLLOHOSP,17.3,17300.0,57.66,2.089,7.6,32.52,10.09
sharpe_weighted,HINDALCO,15.39,15390.0,39.06,1.858,7.76,32.52,10.09
sharpe_weighted,POWERGRID,11.92,11920.0,21.6,1.439,6.6,32.52,10.09
sharpe_weighted,EICHERMOT,9.22,9220.0,33.61,1.114,7.7,32.52,10.09
sharpe_weighted,NTPC,8.84,8840.0,41.58,1.068,10.41,32.52,10.09
sharpe_weighted,ONGC,7.91,7910.0,29.51,0.955,11.25,32.52,10.09
sharpe_weighted,GRASIM,5.22,5220.0,20.15,0.63,16.02,32.52,10.09
sharpe_weighted,NESTLEIND,5.04,5040.0,18.25,0.609,8.91,32.52,10.09
sharpe_weighted,SBILIFE,5.02,5020.0,20.64,0.606,18.23,32.52,10.09
sharpe_weighted,SBIN,3.98,3980.0,11.64,0.481,15.34,32.52,10.09
sharpe_weighted,CIPLA,3.89,3890.0,12.65,0.47,13.75,32.52,10.09
sharpe_weighted,LT,3.31,3310.0,15.23,0.4,14.83,32.52,10.09
sharpe_weighted,MARUTI,2.96,2960.0,12.85,0.357,14.66,32.52,10.09
calmar_weighted,APOLLOHOSP,21.74,21740.0,57.66,2.089,7.6,35.2,9.58
calmar_weighted,HINDALCO,14.43,14430.0,39.06,1.858,7.76,35.2,9.58
calmar_weighted,POWERGRID,9.38,9380.0,21.6,1.439,6.6,35.2,9.58
calmar_weighted,EICHERMOT,12.51,12510.0,33.61,1.114,7.7,35.2,9.58
calmar_weighted,NTPC,11.45,11450.0,41.58,1.068,10.41,35.2,9.58
calmar_weighted,ONGC,7.52,7520.0,29.51,0.955,11.25,35.2,9.58
calmar_weighted,GRASIM,3.6,3600.0,20.15,0.63,16.02,35.2,9.58
calmar_weighted,NESTLEIND,5.87,5870.0,18.25,0.609,8.91,35.2,9.58
calmar_weighted,SBILIFE,3.24,3240.0,20.64,0.606,18.23,35.2,9.58
calmar_weighted,SBIN,2.17,2170.0,11.64,0.481,15.34,35.2,9.58
calmar_weighted,CIPLA,2.64,2640.0,12.65,0.47,13.75,35.2,9.58
calmar_weighted,LT,2.94,2940.0,15.23,0.4,14.83,35.2,9.58
calmar_weighted,MARUTI,2.51,2510.0,12.85,0.357,14.66,35.2,9.58
