stock,total_trades,win_count,loss_count,win_rate_pct,avg_win,avg_loss,rrr,expectancy,profit_factor,max_consec_losses,best_trade,worst_trade,total_pnl,avg_holding_days,stop_loss_rate_pct
APOLLOHOSP,50,34,16,68.0,2498.74,-1448.81,1.72,1235.52,3.66,2,5628.0,-4001.8,61776.2,9.1,8.0
NTPC,42,30,12,71.4,2576.88,-2759.22,0.93,1051.54,2.33,3,4762.7,-11167.7,44195.85,6.2,14.3
HINDALCO,38,24,14,63.2,2937.08,-2104.09,1.4,1081.04,2.39,5,5988.85,-3850.0,41032.79,7.4,21.1
EICHERMOT,58,35,23,60.3,2150.21,-1685.71,1.28,628.11,1.94,4,4365.0,-4961.85,36486.0,6.1,17.2
ONGC,37,24,13,64.9,2568.76,-2350.22,1.09,841.37,2.02,3,4538.55,-4476.16,31097.24,6.5,16.2
GRASIM,55,29,26,52.7,2648.07,-1944.31,1.36,476.4,1.52,7,4500.0,-8564.9,26241.98,6.2,18.2
HCLTECH,53,32,21,60.4,2822.63,-3113.01,0.91,471.41,1.38,9,7740.0,-6402.0,24950.85,7.8,22.6
SBILIFE,54,34,20,63.0,2207.25,-2550.38,0.87,445.98,1.47,3,4826.3,-8161.4,24039.08,7.3,13.0
POWERGRID,24,15,9,62.5,2641.75,-1857.45,1.42,954.55,2.37,2,4725.0,-3978.0,22909.27,7.8,12.5
NESTLEIND,45,27,18,60.0,2194.59,-2148.65,1.02,457.29,1.53,3,4308.72,-4510.8,20578.14,7.8,26.7
LT,42,24,18,57.1,2703.59,-2617.68,1.03,421.89,1.38,4,4930.0,-10647.0,17767.99,6.3,23.8
MARUTI,47,25,22,53.2,2771.59,-2453.57,1.13,326.01,1.28,6,6556.0,-7200.0,15311.35,7.3,25.5
CIPLA,45,25,20,55.6,2300.21,-2123.88,1.08,334.97,1.35,5,5668.0,-6152.0,15027.65,9.4,22.2
SBIN,39,19,20,48.7,2357.9,-1557.9,1.51,349.37,1.44,5,5191.1,-3928.05,13642.06,7.1,17.9
BHARTIARTL,37,19,18,51.4,2187.6,-1880.46,1.16,209.61,1.23,5,4442.8,-4819.0,7716.18,6.0,18.9
ULTRACEMCO,55,32,23,58.2,1773.43,-2142.73,0.83,136.09,1.15,4,7101.0,-5850.0,7466.91,4.7,23.6
BAJAJ-AUTO,54,27,27,50.0,2170.54,-1913.81,1.13,128.36,1.13,8,3933.3,-10553.85,6931.56,6.6,24.1
HDFCBANK,34,16,18,47.1,2348.51,-1709.37,1.37,201.19,1.22,8,4725.0,-4401.6,6807.44,11.1,17.6
ICICIBANK,38,18,20,47.4,1875.14,-1366.08,1.37,169.83,1.24,5,4529.8,-4012.5,6431.04,6.3,15.8
INFY,40,23,17,57.5,1901.37,-2237.76,0.85,142.24,1.15,3,3469.5,-6092.35,5689.41,6.6,20.0
HINDUNILVR,52,27,25,51.9,2357.1,-2330.42,1.01,102.94,1.09,9,4491.2,-4727.6,5381.37,7.6,28.8
SHRIRAMFIN,33,18,15,54.5,2163.56,-2344.6,0.92,113.41,1.11,3,4819.45,-5100.0,3775.03,4.2,24.2
KOTAKBANK,35,19,16,54.3,1716.95,-1873.03,0.92,76.06,1.09,3,3900.0,-3048.76,2653.56,7.1,28.6
ETERNAL,22,11,11,50.0,2642.79,-2437.97,1.08,102.41,1.08,5,6362.4,-5395.3,2253.01,5.9,27.3
BAJAJFINSV,52,27,25,51.9,1941.0,-2028.98,0.96,31.91,1.03,5,4488.0,-5470.4,1682.45,6.9,23.1
ADANIENT,50,24,26,48.0,3124.67,-2828.78,1.1,28.88,1.02,6,6594.0,-7310.85,1443.66,4.5,42.0
HDFCLIFE,49,24,25,49.0,1503.33,-1448.35,1.04,-2.32,1.0,5,3600.0,-3989.26,-128.91,5.3,18.4
JSWSTEEL,44,24,20,54.5,1988.18,-2393.18,0.83,-4.25,1.0,5,4059.0,-6726.0,-147.28,6.6,31.8
BAJFINANCE,45,20,25,44.4,1782.13,-1441.49,1.24,-9.56,0.99,5,3760.0,-3629.7,-394.73,4.5,22.2
TITAN,44,20,24,45.5,2443.82,-2079.17,1.18,-22.15,0.98,4,4260.0,-3734.1,-1023.69,5.6,34.1
TATASTEEL,26,11,15,42.3,2327.29,-1837.58,1.27,-75.7,0.93,4,4522.7,-5656.02,-1963.56,4.7,42.3
TATACONSUM,53,21,32,39.6,2288.17,-1574.72,1.45,-44.66,0.95,8,4968.6,-4417.5,-2339.34,5.5,20.8
SUNPHARMA,46,21,25,45.7,1903.72,-1774.33,1.07,-94.31,0.9,4,4050.0,-5725.15,-4380.2,5.8,26.1
INDUSINDBK,61,33,28,54.1,2004.33,-2527.9,0.79,-76.01,0.93,5,4476.0,-6889.0,-4638.36,5.9,31.1
COALINDIA,37,16,21,43.2,2099.6,-1826.03,1.15,-129.37,0.88,4,3690.75,-4770.2,-4752.88,4.9,24.3
ITC,32,12,20,37.5,2065.77,-1522.21,1.36,-176.72,0.81,5,4089.8,-10845.8,-5654.91,7.8,21.9
BEL,23,15,8,65.2,1244.13,-3196.74,0.39,-300.74,0.73,2,2517.9,-9662.1,-6911.99,5.4,21.7
AXISBANK,37,14,23,37.8,2543.04,-1950.85,1.3,-251.42,0.79,5,5031.0,-4730.4,-9267.14,7.0,32.4
TCS,43,20,23,46.5,1830.52,-2031.86,0.9,-235.62,0.78,5,4962.75,-3935.4,-10122.35,8.2,34.9
HEROMOTOCO,47,18,29,38.3,2310.17,-1816.05,1.27,-235.75,0.79,5,4454.0,-5157.9,-11082.3,5.1,38.3
ASIANPAINT,38,15,23,39.5,1989.45,-1952.73,1.02,-396.08,0.66,7,3354.0,-4111.2,-15071.05,8.3,34.2
ADANIPORTS,51,19,32,37.3,2617.41,-2059.69,1.27,-316.06,0.75,6,5434.8,-6212.56,-16179.32,4.8,39.2
TECHM,43,19,24,44.2,1928.27,-2232.4,0.86,-393.7,0.68,4,3604.5,-7522.5,-16940.45,7.8,34.9
JIOFIN,19,6,13,31.6,2507.16,-2466.14,1.02,-895.1,0.47,7,3909.15,-7585.2,-17016.93,6.4,52.6
M&M,54,26,28,48.1,2016.07,-2482.46,0.81,-317.47,0.75,5,5048.4,-6336.0,-17090.83,4.9,38.9
DRREDDY,46,23,23,50.0,1650.77,-2475.32,0.67,-412.28,0.67,4,3401.3,-11570.0,-18964.54,6.6,30.4
TRENT,44,19,25,43.2,2193.74,-2516.62,0.87,-482.2,0.66,6,4760.0,-4770.0,-21234.52,5.4,52.3
WIPRO,25,8,17,32.0,2052.87,-2442.06,0.84,-1003.68,0.4,10,3352.5,-8043.08,-25092.13,5.9,44.0
RELIANCE,42,11,31,26.2,1587.87,-1589.08,1.0,-756.87,0.35,8,4329.0,-3740.0,-31795.0,5.4,38.1
