symbol,ending_capital,total_return_pct,total_trades,win_rate_pct,max_drawdown_pct,sharpe_ratio,variant
ADANIENT,109910.04,9.91,49,38.8,13.21,0.255,baseline_v2
ADANIPORTS,90403.84,-9.6,54,31.5,19.1,-0.65,baseline_v2
APOLLOHOSP,137480.02,37.48,44,59.1,7.15,2.253,baseline_v2
ASIANPAINT,89303.29,-10.7,34,32.4,15.33,-1.644,baseline_v2
AXISBANK,94444.75,-5.56,45,35.6,19.69,-0.809,baseline_v2
BAJAJ-AUTO,104135.56,4.14,46,41.3,14.83,0.09,baseline_v2
BAJAJFINSV,102287.81,2.29,50,46.0,14.24,-0.003,baseline_v2
BAJFINANCE,110009.41,10.01,52,46.2,7.93,0.277,baseline_v2
BEL,107738.99,7.74,45,51.1,21.31,0.207,baseline_v2
BHARTIARTL,104021.4,4.02,37,45.9,8.84,0.081,baseline_v2
CIPLA,111049.64,11.05,46,45.7,9.53,0.562,baseline_v2
COALINDIA,103972.92,3.97,62,41.9,20.69,0.082,baseline_v2
DRREDDY,80774.75,-19.23,44,43.2,20.97,-1.352,baseline_v2
EICHERMOT,127112.44,27.11,46,47.8,5.71,1.404,baseline_v2
ETERNAL,107999.41,8.0,48,41.7,19.67,0.242,baseline_v2
GRASIM,122307.69,22.31,49,44.9,8.36,1.737,baseline_v2
HCLTECH,119064.3,19.06,48,50.0,18.59,0.365,baseline_v2
HDFCBANK,108357.36,8.36,38,42.1,14.71,0.2,baseline_v2
HDFCLIFE,98533.3,-1.47,53,39.6,10.72,-0.324,baseline_v2
HEROMOTOCO,86114.21,-13.89,46,30.4,17.43,-0.865,baseline_v2
HINDALCO,118687.89,18.69,48,45.8,18.48,0.389,baseline_v2
HINDUNILVR,96239.05,-3.76,48,39.6,15.81,-0.186,baseline_v2
ICICIBANK,99952.2,-0.05,39,38.5,9.8,-0.189,baseline_v2
INDUSINDBK,91349.0,-8.65,61,41.0,26.21,-0.58,baseline_v2
INFY,108014.85,8.01,41,46.3,10.99,0.552,baseline_v2
ITC,86255.56,-13.74,50,28.0,19.56,-0.452,baseline_v2
JIOFIN,76812.11,-23.19,43,30.2,35.24,-0.97,baseline_v2
JSWSTEEL,99585.39,-0.41,50,48.0,13.4,-0.188,baseline_v2
KOTAKBANK,101914.66,1.91,41,46.3,12.36,-0.129,baseline_v2
LT,109654.23,9.65,39,46.2,13.07,0.28,baseline_v2
M&M,87835.64,-12.16,52,40.4,16.47,-1.187,baseline_v2
MARUTI,110252.33,10.25,39,46.2,11.3,0.357,baseline_v2
NESTLEIND,112969.75,12.97,48,50.0,7.5,0.488,baseline_v2
NTPC,138456.28,38.46,53,60.4,14.93,2.327,baseline_v2
ONGC,116062.32,16.06,56,42.9,15.29,0.643,baseline_v2
POWERGRID,94532.8,-5.47,45,42.2,16.55,-5.307,baseline_v2
RELIANCE,75769.89,-24.23,42,26.2,28.45,-1.581,baseline_v2
SBILIFE,113978.76,13.98,54,55.6,13.86,0.6,baseline_v2
SBIN,105818.3,5.82,45,44.4,11.73,0.288,baseline_v2
SHRIRAMFIN,100069.36,0.07,45,48.9,12.59,-0.143,baseline_v2
SUNPHARMA,93916.04,-6.08,52,40.4,12.55,-1.064,baseline_v2
TATACONSUM,101964.29,1.96,55,34.5,12.29,0.012,baseline_v2
TATASTEEL,117714.19,17.71,44,45.5,9.49,0.805,baseline_v2
TCS,90635.72,-9.36,39,38.5,14.56,-1.565,baseline_v2
TECHM,108862.21,8.86,45,48.9,15.86,0.565,baseline_v2
TITAN,96545.41,-3.45,40,35.0,9.2,-1.562,baseline_v2
TRENT,76778.16,-23.22,43,32.6,30.16,-0.512,baseline_v2
ULTRACEMCO,104092.14,4.09,52,55.8,12.47,0.088,baseline_v2
WIPRO,71120.11,-28.88,48,33.3,31.23,-2.978,baseline_v2
ADANIENT,99151.17,-0.85,46,41.3,14.91,-0.103,wider_stop_3pct
ADANIPORTS,97571.37,-2.43,52,36.5,10.78,-0.627,wider_stop_3pct
APOLLOHOSP,129196.41,29.2,44,61.4,3.57,1.805,wider_stop_3pct
ASIANPAINT,95116.87,-4.88,33,36.4,9.48,-1.001,wider_stop_3pct
AXISBANK,95198.37,-4.8,43,32.6,13.85,-1.356,wider_stop_3pct
BAJAJ-AUTO,104976.14,4.98,45,44.4,10.34,0.156,wider_stop_3pct
BAJAJFINSV,95550.92,-4.45,49,44.9,13.8,-0.473,wider_stop_3pct
BAJFINANCE,105927.73,5.93,48,47.9,5.62,0.172,wider_stop_3pct
BEL,110858.12,10.86,43,51.2,12.68,0.529,wider_stop_3pct
BHARTIARTL,106723.54,6.72,35,54.3,6.37,0.333,wider_stop_3pct
CIPLA,104235.13,4.24,46,45.7,7.67,0.135,wider_stop_3pct
COALINDIA,104119.14,4.12,57,45.6,14.54,0.083,wider_stop_3pct
DRREDDY,88539.5,-11.46,40,45.0,14.61,-1.216,wider_stop_3pct
EICHERMOT,119676.48,19.68,44,50.0,4.2,1.942,wider_stop_3pct
ETERNAL,101887.02,1.89,45,44.4,15.08,-0.058,wider_stop_3pct
GRASIM,115884.93,15.88,49,46.9,6.12,1.821,wider_stop_3pct
HCLTECH,110290.67,10.29,48,54.2,17.29,0.232,wider_stop_3pct
HDFCBANK,102747.98,2.75,37,43.2,10.25,0.018,wider_stop_3pct
HDFCLIFE,97462.07,-2.54,52,40.4,8.03,-0.583,wider_stop_3pct
HEROMOTOCO,91399.77,-8.6,43,39.5,14.13,-0.699,wider_stop_3pct
HINDALCO,116718.45,16.72,44,50.0,10.68,0.532,wider_stop_3pct
HINDUNILVR,99442.51,-0.56,45,40.0,10.09,-0.194,wider_stop_3pct
ICICIBANK,101456.49,1.46,38,42.1,6.84,-0.148,wider_stop_3pct
INDUSINDBK,94022.85,-5.98,55,43.6,18.98,-0.931,wider_stop_3pct
INFY,103707.56,3.71,41,48.8,8.4,0.101,wider_stop_3pct
ITC,90403.25,-9.6,49,30.6,13.09,-0.53,wider_stop_3pct
JIOFIN,83527.23,-16.47,40,32.5,24.99,-0.97,wider_stop_3pct
JSWSTEEL,97876.74,-2.12,45,46.7,9.89,-0.503,wider_stop_3pct
KOTAKBANK,98770.45,-1.23,38,50.0,9.97,-0.949,wider_stop_3pct
LT,103057.47,3.06,38,47.4,11.17,0.037,wider_stop_3pct
M&M,97499.09,-2.5,50,42.0,8.2,-0.742,wider_stop_3pct
MARUTI,105626.95,5.63,37,45.9,6.95,0.189,wider_stop_3pct
NESTLEIND,106801.61,6.8,44,52.3,6.96,0.228,wider_stop_3pct
NTPC,122899.56,22.9,52,61.5,13.12,2.384,wider_stop_3pct
ONGC,108625.29,8.63,55,43.6,12.72,0.364,wider_stop_3pct
POWERGRID,102385.85,2.39,41,46.3,10.55,-0.098,wider_stop_3pct
RELIANCE,88029.04,-11.97,40,30.0,16.99,-1.368,wider_stop_3pct
SBILIFE,110392.56,10.39,53,56.6,8.51,0.621,wider_stop_3pct
SBIN,104171.58,4.17,43,48.8,8.19,0.159,wider_stop_3pct
SHRIRAMFIN,105034.83,5.03,44,54.5,9.36,0.133,wider_stop_3pct
SUNPHARMA,93159.31,-6.84,52,40.4,11.6,-1.371,wider_stop_3pct
TATACONSUM,106919.3,6.92,52,38.5,5.9,0.284,wider_stop_3pct
TATASTEEL,106194.88,6.19,42,50.0,7.6,0.289,wider_stop_3pct
TCS,87852.4,-12.15,39,38.5,14.24,-2.119,wider_stop_3pct
TECHM,105355.53,5.36,44,50.0,10.21,0.615,wider_stop_3pct
TITAN,93536.91,-6.46,40,35.0,8.8,-1.844,wider_stop_3pct
TRENT,85823.14,-14.18,39,35.9,19.69,-0.52,wider_stop_3pct
ULTRACEMCO,100594.52,0.59,50,58.0,7.92,-0.25,wider_stop_3pct
WIPRO,82659.48,-17.34,45,35.6,19.18,-3.086,wider_stop_3pct
ADANIENT,105490.74,5.49,47,40.4,12.3,0.133,wider_stop_2_5pct
ADANIPORTS,94309.67,-5.69,53,34.0,16.1,-0.429,wider_stop_2_5pct
APOLLOHOSP,127998.16,28.0,44,59.1,5.82,2.124,wider_stop_2_5pct
ASIANPAINT,93251.26,-6.75,33,36.4,13.04,-1.461,wider_stop_2_5pct
AXISBANK,98679.06,-1.32,44,36.4,13.5,-0.662,wider_stop_2_5pct
BAJAJ-AUTO,100624.29,0.62,46,41.3,12.46,-0.159,wider_stop_2_5pct
BAJAJFINSV,100913.22,0.91,50,46.0,11.48,-0.114,wider_stop_2_5pct
BAJFINANCE,107042.38,7.04,49,46.9,7.25,0.178,wider_stop_2_5pct
BEL,108879.38,8.88,44,50.0,15.43,0.309,wider_stop_2_5pct
BHARTIARTL,108317.84,8.32,35,54.3,6.65,0.487,wider_stop_2_5pct
CIPLA,105584.8,5.58,46,45.7,9.07,0.248,wider_stop_2_5pct
COALINDIA,102907.41,2.91,61,42.6,17.22,0.042,wider_stop_2_5pct
DRREDDY,86354.3,-13.65,41,43.9,16.03,-1.66,wider_stop_2_5pct
EICHERMOT,122653.78,22.65,45,48.9,4.41,1.551,wider_stop_2_5pct
ETERNAL,108128.54,8.13,45,44.4,17.85,0.25,wider_stop_2_5pct
GRASIM,116112.42,16.11,49,44.9,7.82,1.269,wider_stop_2_5pct
HCLTECH,116673.38,16.67,48,52.1,15.46,0.355,wider_stop_2_5pct
HDFCBANK,104763.73,4.76,37,43.2,12.21,0.107,wider_stop_2_5pct
HDFCLIFE,95931.87,-4.07,52,40.4,9.76,-0.679,wider_stop_2_5pct
HEROMOTOCO,87991.0,-12.01,45,35.6,15.33,-0.884,wider_stop_2_5pct
HINDALCO,120211.7,20.21,46,50.0,12.7,0.548,wider_stop_2_5pct
HINDUNILVR,95958.39,-4.04,47,38.3,13.31,-0.259,wider_stop_2_5pct
ICICIBANK,104220.17,4.22,38,42.1,6.9,0.127,wider_stop_2_5pct
INDUSINDBK,93022.99,-6.98,58,43.1,21.29,-0.908,wider_stop_2_5pct
INFY,108144.21,8.14,41,48.8,8.76,0.545,wider_stop_2_5pct
ITC,90603.96,-9.4,49,30.6,14.14,-0.457,wider_stop_2_5pct
JIOFIN,79578.38,-20.42,42,31.0,29.05,-1.476,wider_stop_2_5pct
JSWSTEEL,96622.42,-3.38,47,44.7,11.89,-0.525,wider_stop_2_5pct
KOTAKBANK,98954.64,-1.05,38,50.0,11.41,-0.731,wider_stop_2_5pct
LT,104841.16,4.84,38,47.4,13.17,0.112,wider_stop_2_5pct
M&M,87495.43,-12.5,52,38.5,15.99,-1.284,wider_stop_2_5pct
MARUTI,104960.51,4.96,38,44.7,8.73,0.133,wider_stop_2_5pct
NESTLEIND,110299.37,10.3,45,51.1,6.54,0.364,wider_stop_2_5pct
NTPC,132453.28,32.45,52,59.6,15.0,3.628,wider_stop_2_5pct
ONGC,110702.11,10.7,56,42.9,13.08,0.471,wider_stop_2_5pct
POWERGRID,101095.0,1.09,42,45.2,12.63,-0.21,wider_stop_2_5pct
RELIANCE,84236.09,-15.76,40,30.0,20.79,-1.233,wider_stop_2_5pct
SBILIFE,106701.51,6.7,53,54.7,10.28,0.505,wider_stop_2_5pct
SBIN,104068.53,4.07,43,48.8,10.48,0.128,wider_stop_2_5pct
SHRIRAMFIN,100181.0,0.18,45,51.1,10.18,-0.183,wider_stop_2_5pct
SUNPHARMA,93575.57,-6.42,52,40.4,12.16,-1.028,wider_stop_2_5pct
TATACONSUM,107021.67,7.02,53,37.7,7.04,0.273,wider_stop_2_5pct
TATASTEEL,108489.35,8.49,43,48.8,8.59,0.498,wider_stop_2_5pct
TCS,88948.68,-11.05,39,38.5,14.69,-1.492,wider_stop_2_5pct
TECHM,105066.48,5.07,45,48.9,13.93,0.313,wider_stop_2_5pct
TITAN,94476.32,-5.52,40,35.0,9.25,-1.296,wider_stop_2_5pct
TRENT,83123.99,-16.88,41,34.1,23.19,-0.508,wider_stop_2_5pct
ULTRACEMCO,101302.43,1.3,50,58.0,9.67,-0.122,wider_stop_2_5pct
WIPRO,75762.03,-24.24,48,33.3,26.26,-3.301,wider_stop_2_5pct
ADANIENT,100817.67,0.82,42,45.2,9.48,-0.142,atr_stop_2x
ADANIPORTS,93688.39,-6.31,49,40.8,9.43,-2.545,atr_stop_2x
APOLLOHOSP,119339.25,19.34,43,62.8,3.38,1.578,atr_stop_2x
ASIANPAINT,95956.45,-4.04,31,38.7,7.14,-1.213,atr_stop_2x
AXISBANK,94024.4,-5.98,43,32.6,11.71,-3.927,atr_stop_2x
BAJAJ-AUTO,102346.82,2.35,42,45.2,6.14,-0.073,atr_stop_2x
BAJAJFINSV,92825.42,-7.17,48,47.9,11.37,-0.757,atr_stop_2x
BAJFINANCE,104465.98,4.47,46,45.7,3.84,0.131,atr_stop_2x
BEL,107185.79,7.19,41,53.7,6.48,1.119,atr_stop_2x
BHARTIARTL,105273.16,5.27,35,57.1,3.88,0.395,atr_stop_2x
CIPLA,101165.85,1.17,45,48.9,7.2,-0.197,atr_stop_2x
COALINDIA,98535.48,-1.46,57,45.6,11.74,-0.309,atr_stop_2x
DRREDDY,93942.03,-6.06,38,47.4,8.72,-1.92,atr_stop_2x
EICHERMOT,111283.31,11.28,42,54.8,3.68,1.993,atr_stop_2x
ETERNAL,99803.28,-0.2,44,47.7,8.55,-0.332,atr_stop_2x
GRASIM,105623.73,5.62,48,47.9,6.41,0.489,atr_stop_2x
HCLTECH,109316.53,9.32,44,59.1,9.64,0.283,atr_stop_2x
HDFCBANK,97810.11,-2.19,36,41.7,9.64,-0.432,atr_stop_2x
HDFCLIFE,97146.53,-2.85,49,42.9,7.78,-0.517,atr_stop_2x
HEROMOTOCO,96670.93,-3.33,41,41.5,7.29,-0.569,atr_stop_2x
HINDALCO,110859.37,10.86,41,51.2,6.49,0.576,atr_stop_2x
HINDUNILVR,99613.07,-0.39,43,41.9,7.73,-0.203,atr_stop_2x
ICICIBANK,101376.5,1.38,37,43.2,6.67,-0.151,atr_stop_2x
INDUSINDBK,101951.74,1.95,49,49.0,7.98,-0.149,atr_stop_2x
INFY,105562.19,5.56,40,52.5,6.87,0.941,atr_stop_2x
ITC,88233.09,-11.77,49,30.6,15.46,-0.585,atr_stop_2x
JIOFIN,88775.67,-11.22,36,36.1,14.9,-2.057,atr_stop_2x
JSWSTEEL,96518.33,-3.48,43,48.8,7.54,-1.016,atr_stop_2x
KOTAKBANK,100085.7,0.09,35,51.4,6.84,-0.577,atr_stop_2x
LT,99234.19,-0.77,36,50.0,8.3,-0.269,atr_stop_2x
M&M,96073.68,-3.93,46,45.7,6.06,-0.864,atr_stop_2x
MARUTI,103813.74,3.81,36,47.2,5.68,0.09,atr_stop_2x
NESTLEIND,107202.26,7.2,42,57.1,4.52,0.264,atr_stop_2x
NTPC,108585.78,8.59,50,60.0,9.65,0.448,atr_stop_2x
ONGC,102227.15,2.23,51,47.1,7.3,-0.094,atr_stop_2x
POWERGRID,97833.88,-2.17,40,47.5,6.52,-1.374,atr_stop_2x
RELIANCE,92615.23,-7.38,39,33.3,11.02,-1.577,atr_stop_2x
SBILIFE,103997.14,4.0,52,55.8,6.3,0.13,atr_stop_2x
SBIN,101782.46,1.78,43,51.2,7.13,-0.119,atr_stop_2x
SHRIRAMFIN,109017.74,9.02,40,60.0,3.74,0.497,atr_stop_2x
SUNPHARMA,96087.37,-3.91,48,43.8,8.27,-0.996,atr_stop_2x
TATACONSUM,102160.44,2.16,52,38.5,5.23,-0.052,atr_stop_2x
TATASTEEL,104385.3,4.39,38,55.3,4.74,0.252,atr_stop_2x
TCS,91282.46,-8.72,35,40.0,10.94,-2.314,atr_stop_2x
TECHM,99120.28,-0.88,44,50.0,8.35,-0.677,atr_stop_2x
TITAN,95508.49,-4.49,37,40.5,7.72,-2.04,atr_stop_2x
TRENT,88233.92,-11.77,35,37.1,14.2,-0.82,atr_stop_2x
ULTRACEMCO,98773.18,-1.23,49,59.2,5.02,-1.004,atr_stop_2x
WIPRO,89344.76,-10.66,44,38.6,11.75,-2.33,atr_stop_2x
ADANIENT,98397.02,-1.6,41,46.3,8.62,-0.45,atr_stop_2_5x
ADANIPORTS,94937.17,-5.06,48,41.7,7.6,-3.664,atr_stop_2_5x
APOLLOHOSP,113861.74,13.86,43,62.8,2.61,1.49,atr_stop_2_5x
ASIANPAINT,97480.01,-2.52,30,40.0,5.91,-1.507,atr_stop_2_5x
AXISBANK,94174.58,-5.83,43,32.6,10.5,-4.146,atr_stop_2_5x
BAJAJ-AUTO,101190.9,1.19,40,45.0,5.35,-0.218,atr_stop_2_5x
BAJAJFINSV,95664.94,-4.34,47,46.8,8.37,-0.714,atr_stop_2_5x
BAJFINANCE,103546.6,3.55,46,45.7,3.07,0.066,atr_stop_2_5x
BEL,105533.3,5.53,41,53.7,5.38,0.827,atr_stop_2_5x
BHARTIARTL,104267.23,4.27,34,55.9,3.17,0.309,atr_stop_2_5x
CIPLA,101480.35,1.48,44,47.7,5.82,-0.213,atr_stop_2_5x
COALINDIA,101792.22,1.79,54,48.1,6.79,-0.164,atr_stop_2_5x
DRREDDY,98212.51,-1.79,36,52.8,4.0,-3.28,atr_stop_2_5x
EICHERMOT,108762.01,8.76,42,54.8,2.61,1.589,atr_stop_2_5x
ETERNAL,99312.73,-0.69,44,50.0,8.03,-0.5,atr_stop_2_5x
GRASIM,106467.05,6.47,47,51.1,5.17,0.481,atr_stop_2_5x
HCLTECH,108551.55,8.55,43,60.5,7.19,0.317,atr_stop_2_5x
HDFCBANK,98069.05,-1.93,34,44.1,8.13,-0.483,atr_stop_2_5x
HDFCLIFE,97960.14,-2.04,46,39.1,4.6,-0.979,atr_stop_2_5x
HEROMOTOCO,99118.62,-0.88,37,40.5,4.05,-0.511,atr_stop_2_5x
HINDALCO,107755.06,7.76,41,51.2,5.91,0.41,atr_stop_2_5x
HINDUNILVR,100236.26,0.24,42,42.9,6.3,-0.189,atr_stop_2_5x
ICICIBANK,99247.1,-0.75,37,43.2,7.18,-0.342,atr_stop_2_5x
INDUSINDBK,99083.24,-0.92,49,49.0,7.42,-0.618,atr_stop_2_5x
INFY,105560.13,5.56,39,53.8,5.16,0.991,atr_stop_2_5x
ITC,93228.07,-6.77,46,32.6,11.51,-0.509,atr_stop_2_5x
JIOFIN,90712.52,-9.29,35,37.1,12.32,-2.375,atr_stop_2_5x
JSWSTEEL,98054.41,-1.95,42,50.0,6.2,-0.936,atr_stop_2_5x
KOTAKBANK,101383.88,1.38,33,54.5,4.88,-0.364,atr_stop_2_5x
LT,99517.5,-0.48,35,51.4,6.35,-0.32,atr_stop_2_5x
M&M,99409.48,-0.59,45,48.9,4.37,-0.545,atr_stop_2_5x
MARUTI,104763.75,4.76,35,48.6,4.93,0.181,atr_stop_2_5x
NESTLEIND,107166.03,7.17,40,57.5,3.59,0.334,atr_stop_2_5x
NTPC,107627.47,7.63,49,59.2,7.35,0.484,atr_stop_2_5x
ONGC,102231.02,2.23,50,46.0,5.92,-0.142,atr_stop_2_5x
POWERGRID,100241.63,0.24,38,50.0,4.36,-1.368,atr_stop_2_5x
RELIANCE,94414.28,-5.59,39,33.3,8.47,-1.742,atr_stop_2_5x
SBILIFE,105223.79,5.22,52,57.7,4.73,0.336,atr_stop_2_5x
SBIN,102326.7,2.33,40,55.0,5.6,-0.092,atr_stop_2_5x
SHRIRAMFIN,106888.11,6.89,39,61.5,2.98,0.395,atr_stop_2_5x
SUNPHARMA,96564.55,-3.44,47,44.7,6.96,-1.2,atr_stop_2_5x
TATACONSUM,101886.04,1.89,51,39.2,4.1,-0.106,atr_stop_2_5x
TATASTEEL,103116.06,3.12,38,55.3,3.81,0.027,atr_stop_2_5x
TCS,92302.73,-7.7,34,41.2,10.1,-3.829,atr_stop_2_5x
TECHM,98693.3,-1.31,44,50.0,7.38,-1.14,atr_stop_2_5x
TITAN,94882.71,-5.12,36,38.9,7.44,-2.436,atr_stop_2_5x
TRENT,91931.42,-8.07,33,36.4,10.42,-0.84,atr_stop_2_5x
ULTRACEMCO,98403.87,-1.6,48,60.4,3.77,-0.981,atr_stop_2_5x
WIPRO,92184.99,-7.82,42,38.1,8.72,-2.386,atr_stop_2_5x
ADANIENT,98808.38,-1.19,44,43.2,11.93,-0.272,atr_stop_1_5x
ADANIPORTS,94167.96,-5.83,51,41.2,10.91,-2.521,atr_stop_1_5x
APOLLOHOSP,127055.73,27.06,43,62.8,3.8,1.714,atr_stop_1_5x
ASIANPAINT,92699.1,-7.3,33,36.4,11.37,-1.165,atr_stop_1_5x
AXISBANK,94006.84,-5.99,43,32.6,14.2,-1.718,atr_stop_1_5x
BAJAJ-AUTO,102961.73,2.96,44,45.5,8.16,0.011,atr_stop_1_5x
BAJAJFINSV,94134.68,-5.87,49,44.9,12.25,-0.702,atr_stop_1_5x
BAJFINANCE,104869.86,4.87,47,46.8,5.13,0.13,atr_stop_1_5x
BEL,104056.7,4.06,42,50.0,10.38,0.133,atr_stop_1_5x
BHARTIARTL,106857.41,6.86,35,57.1,5.33,0.518,atr_stop_1_5x
CIPLA,100513.23,0.51,46,47.8,9.62,-0.195,atr_stop_1_5x
COALINDIA,99881.07,-0.12,58,46.6,13.61,-0.163,atr_stop_1_5x
DRREDDY,89236.88,-10.76,39,46.2,14.1,-1.305,atr_stop_1_5x
EICHERMOT,116147.84,16.15,43,53.5,4.7,2.302,atr_stop_1_5x
ETERNAL,99008.82,-0.99,45,46.7,11.38,-0.284,atr_stop_1_5x
GRASIM,110919.43,10.92,48,47.9,6.96,1.594,atr_stop_1_5x
HCLTECH,111441.69,11.44,47,55.3,13.58,0.287,atr_stop_1_5x
HDFCBANK,102238.43,2.24,37,43.2,12.81,0.004,atr_stop_1_5x
HDFCLIFE,96295.46,-3.7,52,40.4,7.71,-0.757,atr_stop_1_5x
HEROMOTOCO,95279.3,-4.72,43,41.9,9.92,-0.532,atr_stop_1_5x
HINDALCO,111852.18,11.85,42,50.0,8.24,0.481,atr_stop_1_5x
HINDUNILVR,100535.03,0.54,46,39.1,11.63,-0.057,atr_stop_1_5x
ICICIBANK,103338.88,3.34,38,42.1,6.96,0.045,atr_stop_1_5x
INDUSINDBK,97747.66,-2.25,52,46.2,13.09,-0.591,atr_stop_1_5x
INFY,104525.74,4.53,41,48.8,7.67,0.202,atr_stop_1_5x
ITC,96060.06,-3.94,48,31.2,10.2,-0.311,atr_stop_1_5x
JIOFIN,83044.12,-16.96,39,33.3,21.27,-1.799,atr_stop_1_5x
JSWSTEEL,95515.49,-4.48,44,47.7,9.79,-0.959,atr_stop_1_5x
KOTAKBANK,97536.68,-2.46,38,50.0,11.22,-1.489,atr_stop_1_5x
LT,101146.97,1.15,37,48.6,10.3,-0.087,atr_stop_1_5x
M&M,97482.48,-2.52,47,44.7,7.24,-0.641,atr_stop_1_5x
MARUTI,104163.1,4.16,38,42.1,6.54,0.09,atr_stop_1_5x
NESTLEIND,107029.15,7.03,44,52.3,6.06,0.241,atr_stop_1_5x
NTPC,115394.87,15.39,50,60.0,9.62,0.789,atr_stop_1_5x
ONGC,106084.4,6.08,53,45.3,8.43,0.371,atr_stop_1_5x
POWERGRID,99014.57,-0.99,41,46.3,9.01,-0.489,atr_stop_1_5x
RELIANCE,85496.15,-14.5,40,30.0,18.17,-1.429,atr_stop_1_5x
SBILIFE,104622.32,4.62,53,56.6,8.35,0.176,atr_stop_1_5x
SBIN,102668.31,2.67,44,47.7,8.21,-0.038,atr_stop_1_5x
SHRIRAMFIN,108300.0,8.3,42,57.1,4.98,0.57,atr_stop_1_5x
SUNPHARMA,94648.25,-5.35,51,43.1,10.6,-0.878,atr_stop_1_5x
TATACONSUM,105716.88,5.72,52,38.5,6.18,0.207,atr_stop_1_5x
TATASTEEL,104110.7,4.11,41,51.2,6.95,0.15,atr_stop_1_5x
TCS,91403.09,-8.6,38,39.5,10.55,-4.254,atr_stop_1_5x
TECHM,102376.48,2.38,44,50.0,9.09,-0.155,atr_stop_1_5x
TITAN,96840.62,-3.16,40,37.5,8.99,-0.783,atr_stop_1_5x
TRENT,87821.69,-12.18,36,38.9,16.21,-0.61,atr_stop_1_5x
ULTRACEMCO,98690.37,-1.31,50,58.0,6.19,-0.506,atr_stop_1_5x
WIPRO,88126.6,-11.87,44,38.6,13.31,-2.234,atr_stop_1_5x
ADANIENT,109910.04,9.91,49,38.8,13.21,0.255,early_breakeven_1_5pct
ADANIPORTS,91172.41,-8.83,54,31.5,18.77,-0.593,early_breakeven_1_5pct
APOLLOHOSP,131443.63,31.44,46,54.3,8.72,1.542,early_breakeven_1_5pct
ASIANPAINT,89763.16,-10.24,37,29.7,13.54,-1.443,early_breakeven_1_5pct
AXISBANK,95487.86,-4.51,45,33.3,18.85,-1.177,early_breakeven_1_5pct
BAJAJ-AUTO,99887.25,-0.11,46,39.1,15.61,-0.198,early_breakeven_1_5pct
BAJAJFINSV,97580.76,-2.42,51,43.1,17.14,-0.217,early_breakeven_1_5pct
BAJFINANCE,109559.87,9.56,53,47.2,8.35,0.267,early_breakeven_1_5pct
BEL,106634.13,6.63,47,46.8,22.12,0.168,early_breakeven_1_5pct
BHARTIARTL,101298.01,1.3,37,43.2,8.84,-0.084,early_breakeven_1_5pct
CIPLA,111049.64,11.05,46,45.7,9.53,0.562,early_breakeven_1_5pct
COALINDIA,103762.23,3.76,62,41.9,20.86,0.076,early_breakeven_1_5pct
DRREDDY,80525.44,-19.47,45,42.2,21.21,-1.347,early_breakeven_1_5pct
EICHERMOT,125320.32,25.32,48,47.9,6.32,1.435,early_breakeven_1_5pct
ETERNAL,112034.89,12.03,49,40.8,19.22,0.401,early_breakeven_1_5pct
GRASIM,127516.16,27.52,49,46.9,8.38,2.949,early_breakeven_1_5pct
HCLTECH,124930.54,24.93,48,52.1,18.58,0.454,early_breakeven_1_5pct
HDFCBANK,103258.28,3.26,40,40.0,17.61,0.066,early_breakeven_1_5pct
HDFCLIFE,101587.87,1.59,54,40.7,9.73,-0.082,early_breakeven_1_5pct
HEROMOTOCO,85493.47,-14.51,46,30.4,18.02,-0.957,early_breakeven_1_5pct
HINDALCO,124920.79,24.92,48,45.8,14.17,0.558,early_breakeven_1_5pct
HINDUNILVR,96192.32,-3.81,49,38.8,15.82,-0.189,early_breakeven_1_5pct
ICICIBANK,98615.85,-1.38,40,40.0,9.9,-0.266,early_breakeven_1_5pct
INDUSINDBK,85380.35,-14.62,64,37.5,31.52,-0.447,early_breakeven_1_5pct
INFY,111285.24,11.29,41,46.3,10.99,1.476,early_breakeven_1_5pct
ITC,89921.23,-10.08,50,28.0,17.13,-0.394,early_breakeven_1_5pct
JIOFIN,77877.48,-22.12,44,29.5,33.68,-1.053,early_breakeven_1_5pct
JSWSTEEL,101696.96,1.7,49,51.0,12.98,-0.045,early_breakeven_1_5pct
KOTAKBANK,102730.69,2.73,41,46.3,10.55,-0.016,early_breakeven_1_5pct
LT,110493.98,10.49,39,46.2,12.38,0.317,early_breakeven_1_5pct
M&M,86804.87,-13.2,53,37.7,16.5,-1.428,early_breakeven_1_5pct
MARUTI,103513.4,3.51,41,41.5,11.44,0.056,early_breakeven_1_5pct
NESTLEIND,115989.94,15.99,49,49.0,7.3,0.492,early_breakeven_1_5pct
NTPC,140657.25,40.66,54,55.6,13.09,2.835,early_breakeven_1_5pct
ONGC,116518.36,16.52,58,41.4,15.35,0.678,early_breakeven_1_5pct
POWERGRID,101421.84,1.42,45,40.0,13.59,-0.19,early_breakeven_1_5pct
RELIANCE,75617.97,-24.38,43,25.6,28.59,-1.608,early_breakeven_1_5pct
SBILIFE,114847.08,14.85,55,54.5,11.45,0.659,early_breakeven_1_5pct
SBIN,107279.4,7.28,46,45.7,10.88,0.449,early_breakeven_1_5pct
SHRIRAMFIN,90592.54,-9.41,46,45.7,17.24,-0.513,early_breakeven_1_5pct
SUNPHARMA,93692.05,-6.31,53,41.5,12.81,-1.121,early_breakeven_1_5pct
TATACONSUM,101371.42,1.37,57,35.1,12.39,-0.004,early_breakeven_1_5pct
TATASTEEL,116193.92,16.19,48,43.8,9.49,0.692,early_breakeven_1_5pct
TCS,91317.9,-8.68,41,36.6,13.84,-1.016,early_breakeven_1_5pct
TECHM,97759.06,-2.24,47,42.6,20.72,-0.478,early_breakeven_1_5pct
TITAN,96545.41,-3.45,40,35.0,9.2,-1.562,early_breakeven_1_5pct
TRENT,79143.0,-20.86,44,34.1,28.03,-0.497,early_breakeven_1_5pct
ULTRACEMCO,99955.1,-0.04,52,53.8,14.01,-0.121,early_breakeven_1_5pct
WIPRO,74706.09,-25.29,48,33.3,27.76,-2.8,early_breakeven_1_5pct
ADANIENT,109910.04,9.91,49,38.8,13.21,0.255,early_breakeven_2pct
ADANIPORTS,91172.41,-8.83,54,31.5,18.77,-0.593,early_breakeven_2pct
APOLLOHOSP,138013.85,38.01,44,59.1,7.15,2.382,early_breakeven_2pct
ASIANPAINT,89763.16,-10.24,37,29.7,13.54,-1.443,early_breakeven_2pct
AXISBANK,94668.55,-5.33,45,33.3,19.51,-1.212,early_breakeven_2pct
BAJAJ-AUTO,104870.01,4.87,46,41.3,14.72,0.127,early_breakeven_2pct
BAJAJFINSV,98863.95,-1.14,50,44.0,17.14,-0.172,early_breakeven_2pct
BAJFINANCE,109559.87,9.56,53,47.2,8.35,0.267,early_breakeven_2pct
BEL,107591.44,7.59,46,50.0,21.42,0.202,early_breakeven_2pct
BHARTIARTL,101298.01,1.3,37,43.2,8.84,-0.084,early_breakeven_2pct
CIPLA,111049.64,11.05,46,45.7,9.53,0.562,early_breakeven_2pct
COALINDIA,103972.92,3.97,62,41.9,20.69,0.082,early_breakeven_2pct
DRREDDY,80525.44,-19.47,45,42.2,21.21,-1.347,early_breakeven_2pct
EICHERMOT,125691.26,25.69,48,47.9,5.71,1.508,early_breakeven_2pct
ETERNAL,108618.47,8.62,48,41.7,19.21,0.26,early_breakeven_2pct
GRASIM,125933.65,25.93,49,46.9,8.38,2.649,early_breakeven_2pct
HCLTECH,122461.48,22.46,48,50.0,18.54,0.418,early_breakeven_2pct
HDFCBANK,106912.69,6.91,40,42.5,14.67,0.165,early_breakeven_2pct
HDFCLIFE,101587.87,1.59,54,40.7,9.73,-0.082,early_breakeven_2pct
HEROMOTOCO,86114.21,-13.89,46,30.4,17.43,-0.865,early_breakeven_2pct
HINDALCO,118687.89,18.69,48,45.8,18.48,0.389,early_breakeven_2pct
HINDUNILVR,96192.32,-3.81,49,38.8,15.82,-0.189,early_breakeven_2pct
ICICIBANK,98892.63,-1.11,40,40.0,9.73,-0.253,early_breakeven_2pct
INDUSINDBK,85522.41,-14.48,62,38.7,30.5,-0.507,early_breakeven_2pct
INFY,108014.85,8.01,41,46.3,10.99,0.552,early_breakeven_2pct
ITC,87758.37,-12.24,50,28.0,19.58,-0.407,early_breakeven_2pct
JIOFIN,77877.48,-22.12,44,29.5,33.68,-1.053,early_breakeven_2pct
JSWSTEEL,101696.96,1.7,49,51.0,12.98,-0.045,early_breakeven_2pct
KOTAKBANK,101551.37,1.55,41,46.3,12.66,-0.164,early_breakeven_2pct
LT,110493.98,10.49,39,46.2,12.38,0.317,early_breakeven_2pct
M&M,86518.68,-13.48,52,38.5,16.78,-1.478,early_breakeven_2pct
MARUTI,105609.73,5.61,39,43.6,11.44,0.14,early_breakeven_2pct
NESTLEIND,117443.64,17.44,48,50.0,7.31,0.547,early_breakeven_2pct
NTPC,137808.48,37.81,53,60.4,14.93,2.389,early_breakeven_2pct
ONGC,116518.36,16.52,58,41.4,15.35,0.678,early_breakeven_2pct
POWERGRID,98711.38,-1.29,45,40.0,13.59,-0.413,early_breakeven_2pct
RELIANCE,75769.89,-24.23,42,26.2,28.45,-1.581,early_breakeven_2pct
SBILIFE,112223.82,12.22,55,54.5,13.76,0.488,early_breakeven_2pct
SBIN,105818.3,5.82,45,44.4,11.73,0.288,early_breakeven_2pct
SHRIRAMFIN,95488.64,-4.51,45,48.9,12.77,-0.43,early_breakeven_2pct
SUNPHARMA,93916.04,-6.08,52,40.4,12.55,-1.064,early_breakeven_2pct
TATACONSUM,101888.25,1.89,56,33.9,12.67,0.01,early_breakeven_2pct
TATASTEEL,115482.26,15.48,46,43.5,9.49,0.648,early_breakeven_2pct
TCS,92228.88,-7.77,40,37.5,12.95,-1.039,early_breakeven_2pct
TECHM,100697.98,0.7,46,45.7,18.36,-0.131,early_breakeven_2pct
TITAN,96545.41,-3.45,40,35.0,9.2,-1.562,early_breakeven_2pct
TRENT,79174.64,-20.83,43,34.9,27.97,-0.498,early_breakeven_2pct
ULTRACEMCO,104092.14,4.09,52,55.8,12.47,0.088,early_breakeven_2pct
WIPRO,72877.52,-27.12,48,33.3,29.53,-2.546,early_breakeven_2pct
ADANIENT,103405.28,3.41,49,38.8,13.19,0.055,no_target2_let_run
ADANIPORTS,94507.77,-5.49,53,32.1,18.83,-0.318,no_target2_let_run
APOLLOHOSP,138114.03,38.11,43,60.5,7.14,2.221,no_target2_let_run
ASIANPAINT,91293.68,-8.71,34,32.4,15.3,-1.751,no_target2_let_run
AXISBANK,92163.84,-7.84,44,36.4,19.66,-2.149,no_target2_let_run
BAJAJ-AUTO,103423.48,3.42,46,41.3,14.83,0.051,no_target2_let_run
BAJAJFINSV,106675.72,6.68,49,46.9,14.21,0.188,no_target2_let_run
BAJFINANCE,108658.04,8.66,51,45.1,7.9,0.228,no_target2_let_run
BEL,123116.62,23.12,45,51.1,21.97,0.442,no_target2_let_run
BHARTIARTL,104021.4,4.02,37,45.9,8.84,0.081,no_target2_let_run
CIPLA,108879.48,8.88,45,46.7,10.35,0.434,no_target2_let_run
COALINDIA,102661.54,2.66,60,43.3,22.06,0.05,no_target2_let_run
DRREDDY,80398.26,-19.6,44,43.2,21.34,-1.344,no_target2_let_run
EICHERMOT,126201.57,26.2,46,47.8,5.71,1.38,no_target2_let_run
ETERNAL,116399.39,16.4,45,42.2,17.86,0.489,no_target2_let_run
GRASIM,124093.91,24.09,48,43.8,8.42,1.411,no_target2_let_run
HCLTECH,114313.48,14.31,46,47.8,18.6,0.29,no_target2_let_run
HDFCBANK,101501.97,1.5,36,38.9,16.23,-0.018,no_target2_let_run
HDFCLIFE,100412.85,0.41,51,39.2,9.82,-0.239,no_target2_let_run
HEROMOTOCO,85404.5,-14.6,46,30.4,18.17,-0.948,no_target2_let_run
HINDALCO,115035.11,15.04,47,44.7,19.55,0.325,no_target2_let_run
HINDUNILVR,94405.04,-5.59,47,40.4,15.85,-0.278,no_target2_let_run
ICICIBANK,100009.18,0.01,39,38.5,9.8,-0.186,no_target2_let_run
INDUSINDBK,96084.85,-3.92,60,41.7,28.36,-0.324,no_target2_let_run
INFY,103618.04,3.62,40,45.0,10.88,0.086,no_target2_let_run
ITC,85966.04,-14.03,50,28.0,19.59,-0.468,no_target2_let_run
JIOFIN,78662.24,-21.34,43,30.2,34.17,-0.946,no_target2_let_run
JSWSTEEL,100122.12,0.12,48,47.9,13.36,-0.154,no_target2_let_run
KOTAKBANK,101563.84,1.56,41,46.3,12.36,-0.182,no_target2_let_run
LT,105964.25,5.96,39,46.2,14.2,0.162,no_target2_let_run
M&M,86268.76,-13.73,52,40.4,17.94,-1.174,no_target2_let_run
MARUTI,113890.71,13.89,35,51.4,11.3,0.525,no_target2_let_run
NESTLEIND,118048.13,18.05,48,50.0,7.5,0.873,no_target2_let_run
NTPC,131819.89,31.82,52,59.6,14.94,1.566,no_target2_let_run
ONGC,112165.66,12.17,55,41.8,15.2,0.562,no_target2_let_run
POWERGRID,91429.52,-8.57,43,41.9,16.74,-4.515,no_target2_let_run
RELIANCE,74514.43,-25.49,42,26.2,30.45,-1.39,no_target2_let_run
SBILIFE,123491.55,23.49,53,56.6,9.43,1.112,no_target2_let_run
SBIN,106427.59,6.43,45,44.4,11.73,0.431,no_target2_let_run
SHRIRAMFIN,97735.34,-2.26,45,48.9,12.47,-0.338,no_target2_let_run
SUNPHARMA,93658.68,-6.34,52,40.4,12.58,-1.128,no_target2_let_run
TATACONSUM,104372.52,4.37,55,34.5,12.26,0.092,no_target2_let_run
TATASTEEL,120059.11,20.06,44,45.5,9.15,0.927,no_target2_let_run
TCS,89003.04,-11.0,39,38.5,15.0,-1.807,no_target2_let_run
TECHM,108205.91,8.21,45,48.9,13.16,0.601,no_target2_let_run
TITAN,95420.0,-4.58,40,35.0,9.25,-1.243,no_target2_let_run
TRENT,79259.37,-20.74,42,33.3,29.9,-0.425,no_target2_let_run
ULTRACEMCO,104380.26,4.38,52,55.8,12.44,0.103,no_target2_let_run
WIPRO,73915.35,-26.08,45,33.3,30.17,-2.298,no_target2_let_run
ADANIENT,116786.74,16.79,16,43.8,7.52,0.833,confirmations_4
ADANIPORTS,102473.84,2.47,25,28.0,10.75,-0.108,confirmations_4
APOLLOHOSP,93721.39,-6.28,17,29.4,14.95,-0.705,confirmations_4
ASIANPAINT,104378.32,4.38,14,50.0,8.66,0.14,confirmations_4
AXISBANK,94709.3,-5.29,12,25.0,10.79,-0.47,confirmations_4
BAJAJ-AUTO,95195.47,-4.8,27,37.0,17.31,-0.41,confirmations_4
BAJAJFINSV,122935.18,22.94,23,47.8,9.07,3.24,confirmations_4
BAJFINANCE,108346.3,8.35,19,42.1,8.72,0.378,confirmations_4
BEL,87292.03,-12.71,16,31.2,21.9,-0.896,confirmations_4
BHARTIARTL,102907.18,2.91,22,40.9,13.43,0.043,confirmations_4
CIPLA,114923.1,14.92,19,52.6,6.26,1.642,confirmations_4
COALINDIA,76187.73,-23.81,27,22.2,27.98,-4.491,confirmations_4
DRREDDY,84459.19,-15.54,10,30.0,20.85,-1.159,confirmations_4
EICHERMOT,110819.37,10.82,14,50.0,5.63,0.47,confirmations_4
ETERNAL,104007.06,4.01,22,40.9,19.49,0.082,confirmations_4
GRASIM,101189.3,1.19,21,52.4,9.86,-0.052,confirmations_4
HCLTECH,119059.0,19.06,23,47.8,11.4,0.503,confirmations_4
HDFCBANK,93216.01,-6.78,11,27.3,13.05,-2.086,confirmations_4
HDFCLIFE,89179.54,-10.82,22,27.3,15.52,-1.662,confirmations_4
HEROMOTOCO,88359.93,-11.64,20,30.0,18.56,-2.146,confirmations_4
HINDALCO,122194.58,22.19,14,57.1,10.31,1.465,confirmations_4
HINDUNILVR,92797.29,-7.2,17,23.5,13.28,-0.549,confirmations_4
ICICIBANK,97997.11,-2.0,14,35.7,10.57,-0.261,confirmations_4
INDUSINDBK,117706.12,17.71,26,50.0,10.33,1.258,confirmations_4
INFY,95903.12,-4.1,22,36.4,12.83,-0.341,confirmations_4
ITC,93927.49,-6.07,15,26.7,9.4,-0.785,confirmations_4
JIOFIN,91438.2,-8.56,22,36.4,17.07,-0.842,confirmations_4
JSWSTEEL,92267.1,-7.73,21,42.9,13.99,-3.827,confirmations_4
KOTAKBANK,93158.59,-6.84,16,37.5,13.06,-1.159,confirmations_4
LT,102606.33,2.61,16,37.5,12.34,0.033,confirmations_4
M&M,95484.4,-4.52,23,43.5,17.37,-0.528,confirmations_4
MARUTI,120295.02,20.3,16,50.0,5.06,1.083,confirmations_4
NESTLEIND,97076.21,-2.92,14,35.7,7.02,-0.601,confirmations_4
NTPC,123071.25,23.07,19,63.2,6.41,1.19,confirmations_4
ONGC,126003.91,26.0,20,55.0,7.09,0.894,confirmations_4
POWERGRID,91096.37,-8.9,16,31.2,17.81,-0.576,confirmations_4
RELIANCE,91809.48,-8.19,13,30.8,15.87,-1.852,confirmations_4
SBILIFE,91670.54,-8.33,16,37.5,17.53,-0.74,confirmations_4
SBIN,113891.26,13.89,15,53.3,7.29,2.197,confirmations_4
SHRIRAMFIN,95677.57,-4.32,24,37.5,13.92,-0.326,confirmations_4
SUNPHARMA,99760.36,-0.24,14,42.9,7.8,-0.397,confirmations_4
TATACONSUM,115136.24,15.14,25,44.0,5.26,0.697,confirmations_4
TATASTEEL,123593.91,23.59,20,55.0,7.66,0.905,confirmations_4
TCS,100576.68,0.58,13,46.2,4.44,-0.271,confirmations_4
TECHM,101422.96,1.42,15,40.0,9.26,-0.064,confirmations_4
TITAN,92037.73,-7.96,15,26.7,9.91,-1.33,confirmations_4
TRENT,83822.66,-16.18,22,22.7,23.45,-0.434,confirmations_4
ULTRACEMCO,98964.68,-1.04,31,45.2,16.83,-0.115,confirmations_4
WIPRO,81292.22,-18.71,18,16.7,22.65,-3.248,confirmations_4
ADANIENT,98839.27,-1.16,42,35.7,24.42,-0.034,higher_risk_2pct
ADANIPORTS,81411.57,-18.59,45,28.9,29.33,-0.969,higher_risk_2pct
APOLLOHOSP,157662.61,57.66,43,60.5,7.6,2.089,higher_risk_2pct
ASIANPAINT,83152.33,-16.85,32,31.2,22.53,-2.756,higher_risk_2pct
AXISBANK,89036.18,-10.96,34,29.4,26.88,-0.492,higher_risk_2pct
BAJAJ-AUTO,104307.29,4.31,46,41.3,21.02,0.092,higher_risk_2pct
BAJAJFINSV,98807.45,-1.19,45,44.4,17.85,-0.124,higher_risk_2pct
BAJFINANCE,97223.48,-2.78,41,39.0,11.39,-0.113,higher_risk_2pct
BEL,92001.11,-8.0,20,60.0,17.32,-0.869,higher_risk_2pct
BHARTIARTL,105510.69,5.51,34,47.1,12.47,0.148,higher_risk_2pct
CIPLA,112649.79,12.65,36,47.2,13.75,0.47,higher_risk_2pct
COALINDIA,93319.69,-6.68,33,39.4,15.08,-1.466,higher_risk_2pct
DRREDDY,78764.56,-21.24,41,43.9,27.47,-0.799,higher_risk_2pct
EICHERMOT,133607.59,33.61,45,46.7,7.7,1.114,higher_risk_2pct
ETERNAL,101122.45,1.12,18,38.9,12.85,-0.069,higher_risk_2pct
GRASIM,120150.66,20.15,46,41.3,16.02,0.63,higher_risk_2pct
HCLTECH,120832.58,20.83,42,50.0,22.96,0.368,higher_risk_2pct
HDFCBANK,104939.78,4.94,29,37.9,19.13,0.11,higher_risk_2pct
HDFCLIFE,97387.59,-2.61,43,39.5,11.43,-0.534,higher_risk_2pct
HEROMOTOCO,86516.72,-13.48,43,30.2,16.76,-0.742,higher_risk_2pct
HINDALCO,139060.2,39.06,29,51.7,7.76,1.858,higher_risk_2pct
HINDUNILVR,102437.98,2.44,44,43.2,19.89,0.062,higher_risk_2pct
ICICIBANK,103352.5,3.35,35,40.0,10.56,0.046,higher_risk_2pct
INDUSINDBK,91752.54,-8.25,51,43.1,29.66,-0.447,higher_risk_2pct
INFY,103657.51,3.66,35,45.7,14.45,0.263,higher_risk_2pct
ITC,92622.69,-7.38,29,31.0,15.16,-0.495,higher_risk_2pct
JIOFIN,82116.9,-17.88,16,18.8,23.41,-3.034,higher_risk_2pct
JSWSTEEL,97484.48,-2.52,39,48.7,16.38,-0.117,higher_risk_2pct
KOTAKBANK,100358.61,0.36,31,45.2,15.69,-0.15,higher_risk_2pct
LT,115227.49,15.23,36,50.0,14.83,0.4,higher_risk_2pct
M&M,80234.77,-19.77,47,38.3,25.3,-1.05,higher_risk_2pct
MARUTI,112849.36,12.85,39,46.2,14.66,0.357,higher_risk_2pct
NESTLEIND,118253.92,18.25,40,52.5,8.91,0.609,higher_risk_2pct
NTPC,141579.96,41.58,35,65.7,10.41,1.068,higher_risk_2pct
ONGC,129510.81,29.51,31,54.8,11.25,0.955,higher_risk_2pct
POWERGRID,121597.1,21.6,19,57.9,6.6,1.439,higher_risk_2pct
RELIANCE,66136.11,-33.86,40,22.5,38.73,-2.105,higher_risk_2pct
SBILIFE,120640.05,20.64,48,56.2,18.23,0.606,higher_risk_2pct
SBIN,111637.32,11.64,32,40.6,15.34,0.481,higher_risk_2pct
SHRIRAMFIN,102080.63,2.08,28,50.0,12.29,-0.948,higher_risk_2pct
SUNPHARMA,91863.74,-8.14,45,42.2,15.57,-1.11,higher_risk_2pct
TATACONSUM,94852.56,-5.15,45,28.9,18.45,-0.15,higher_risk_2pct
TATASTEEL,96582.91,-3.42,24,33.3,11.53,-0.339,higher_risk_2pct
TCS,87808.88,-12.19,37,40.5,19.19,-1.373,higher_risk_2pct
TECHM,81082.32,-18.92,37,37.8,30.09,-1.478,higher_risk_2pct
TITAN,97408.99,-2.59,39,35.9,12.2,-0.603,higher_risk_2pct
TRENT,77253.76,-22.75,38,31.6,31.24,-0.685,higher_risk_2pct
ULTRACEMCO,104312.43,4.31,52,55.8,17.11,0.092,higher_risk_2pct
WIPRO,73933.89,-26.07,25,28.0,30.48,-2.1,higher_risk_2pct
