variant,stocks,profitable,avg_return_pct,avg_sharpe,avg_dd_pct,avg_trades,avg_winrate
early_breakeven_1_5pct,49,27,2.271,-0.071,15.457,47.694,41.582
early_breakeven_2pct,49,29,2.328,-0.076,15.426,47.245,42.173
wider_stop_2_5pct,49,30,1.728,-0.13,12.863,45.612,43.955
wider_stop_3pct,49,28,1.614,-0.175,11.104,44.776,44.916
no_target2_let_run,49,31,2.676,-0.182,15.513,46.041,42.635
baseline_v2,49,29,2.466,-0.186,15.498,46.796,42.588
higher_risk_2pct,49,24,1.937,-0.243,17.741,36.816,42.216
confirmations_4,49,22,1.079,-0.314,12.602,18.612,39.112
atr_stop_1_5x,49,25,0.651,-0.345,9.855,44.122,45.804
atr_stop_2x,49,24,0.153,-0.47,7.886,42.735,47.139
atr_stop_2_5x,49,24,0.486,-0.634,6.229,41.612,47.894
